time_delta,S0_o,S0_n,S0_h_km,S0_i,S0_e,S0_p,throughput_Gbps,total_accommodated_flow,NS_selt,EW_selt,NESW_selt,HG_selt,LG_selt,dead_GS_count,GS_coverage_metric,dead_flight_count,flight_coverage_metric,NS_sth,EW_sth,HG_sth,LG_sth,NESW_sth,NS_cnt,EW_cnt,HG_cnt,LG_cnt,NESW_cnt
0.4444444444444444,36,36,610.0,42,35,50.0,1190.4707125235086,7.912894241361769,0.44692737430167595,0.6375395987328405,0.4078894404937609,0.31575781876503606,3.900501672240803,3,85.80897302782792,78,294.40408348044485,2.0466534095653683,1.1573855938962427,1.1348275725837986,1.547046072963966,1.2477389227944822,11.0,8.0,14.0,4.0,8.0
0.9513888888888888,36,36,610.0,42,35,50.0,1198.6977482905068,7.989173390623029,0.4407200496585971,0.646779303062302,0.4253320810411914,0.317261427425822,3.91304347826087,4,86.4939860478031,78,294.9667031374644,2.0591408400242885,1.1552366647000383,1.132984145418709,1.5314783025009313,1.2560157552587077,11.0,8.0,14.0,4.0,8.0
0.17708333333333334,36,36,610.0,42,35,50.0,1174.868771373507,8.143812213745345,0.45313469894475483,0.6639387539598733,0.39044679994633036,0.33931435445068164,3.854515050167224,3,84.83920120695257,78,294.04143678626315,2.042710860197529,1.1573897796170174,1.1353766581192692,1.5541743953782654,1.2648606146605172,11.0,8.0,14.0,4.0,8.0
0.7708333333333334,36,36,610.0,42,35,50.0,1167.099976695228,8.024332341934098,0.4314090626939789,0.6296198521647307,0.4112437944451899,0.3280372894947875,3.8210702341137126,3,85.04798897399095,78,294.114002032403,2.0363647732946792,1.161358672346452,1.13688052772706,1.5302806415633505,1.2526905762064107,11.0,8.0,14.0,4.0,8.0
0.8472222222222222,36,36,610.0,42,35,50.0,1201.5640683667668,5.985763390972898,0.33519553072625696,0.37882787750791974,0.24620958003488527,0.2656375300721732,5.551839464882943,3,86.44479947752204,78,294.64097480298204,2.0575797176385966,1.1550779912949463,1.1339230890583334,1.5451157588945177,1.2560282691462532,11.0,8.0,14.0,4.0,8.0
0.8888888888888888,36,36,610.0,42,35,50.0,1201.9019359059594,8.214847188607942,0.45313469894475483,0.6718585005279831,0.43606601368576414,0.3282878909382518,3.858695652173913,3,86.00265879769498,78,294.9734345422797,2.0235671586237043,1.160803134336746,1.1360765759362152,1.5389457079517446,1.252981089243812,11.0,8.0,14.0,4.0,8.0
0.1909722222222222,36,36,610.0,42,35,50.0,1179.9499010137147,5.916581144038395,0.3196772191185599,0.36826821541710664,0.2307795518583121,0.27014835605453086,5.455685618729097,3,86.13947871253139,78,294.75002667358666,1.9982258172868523,1.1592749810815144,1.1370670897372825,1.5612243728797903,1.2483148864724432,11.0,8.0,14.0,4.0,8.0
0.1111111111111111,36,36,610.0,42,35,50.0,1190.8651490225045,8.12545274031816,0.44382371198013654,0.6546990496304118,0.41191466523547565,0.33405172413793105,3.879598662207358,3,86.26534487186397,78,292.8425871872125,2.021939152026157,1.1542535686069444,1.1351703839332805,1.5421315071576975,1.2580523130324313,11.0,8.0,14.0,4.0,8.0
0.12152777777777778,36,36,610.0,42,35,50.0,1211.9397342165078,8.084607671697363,0.44692737430167595,0.6164202745512144,0.442774721588622,0.32252405773857257,3.91304347826087,3,86.31415680723072,78,294.81343780594176,2.0128946642544556,1.160575101265387,1.1355623182853951,1.5234549988022166,1.2511096311258418,11.0,8.0,14.0,4.0,8.0
0.08680555555555555,36,36,610.0,42,35,50.0,1178.5912530042401,5.969552246332428,0.31346989447548107,0.3511087645195354,0.22809606869716895,0.2754109863672815,5.497491638795986,3,85.56196317582729,78,294.0354214328591,2.0832049618388293,1.159108783136544,1.1356767799101837,1.5529219940882508,1.2520308551385142,11.5,8.0,14.0,4.0,8.0
0.23958333333333334,36,36,610.0,42,35,50.0,1199.5922125125091,6.014654039835669,0.33209186840471755,0.38278775079197463,0.24889306319602844,0.26889534883720934,5.489130434782609,3,86.67850500318387,78,293.8323108133238,2.0273632614905353,1.1601826732344849,1.1348294469127878,1.5321791044162523,1.2462019769920265,11.0,8.0,14.0,4.0,8.0
0.4618055555555556,36,36,610.0,42,35,50.0,1167.9279587392039,6.0015043386589735,0.3258845437616387,0.3761879619852165,0.2388300013417416,0.2719025661587811,5.388795986622073,3,85.51858216657973,78,294.44869310803017,2.022173647761268,1.1622620409233735,1.1363748478598747,1.5415210763976224,1.2490421914266903,11.0,8.0,14.0,4.0,8.0
0.625,36,36,610.0,42,35,50.0,1193.4526584651815,5.934401740104,0.32898820608317814,0.37882787750791974,0.22809606869716895,0.2706495589414595,5.560200668896321,3,86.42187776109158,78,294.0081526372553,2.06408034237195,1.156967003591303,1.1346673613368772,1.567676109450846,1.2626684229584608,11.0,8.0,14.0,4.0,8.0
0.4236111111111111,36,36,610.0,42,35,50.0,1224.3631682136202,8.022977485381846,0.45313469894475483,0.6494192185850053,0.4313699181537635,0.31801323175621493,3.9548494983277593,4,87.12339726102952,78,294.5563622785941,2.036210484050734,1.1547642944701313,1.1342164970081936,1.5311678852274442,1.2568031915179725,11.0,8.0,14.0,4.0,8.0
0.2048611111111111,36,36,610.0,42,35,50.0,1223.1056938265076,8.125004385854009,0.45313469894475483,0.6428194297782471,0.4293573057829062,0.32252405773857257,3.996655518394649,3,86.45725486317549,78,294.82948883332654,2.0340640451637984,1.160137599887132,1.1352258156236221,1.536077938604714,1.2536713590013555,11.0,8.0,14.0,4.0,8.0
0.4652777777777778,36,36,610.0,42,35,50.0,1208.8036685411741,6.065681202588418,0.3258845437616387,0.3722280887011616,0.2388300013417416,0.27816760224538895,5.514214046822742,3,85.96822120194051,78,293.43267263835156,2.009180947922765,1.1600356584789,1.1378674223930112,1.5557076814411803,1.257016366447341,11.0,8.0,14.0,4.0,8.0
0.4305555555555556,36,36,610.0,42,35,50.0,1186.7481797175064,7.998010185085258,0.42520173805090006,0.636219640971489,0.41661076076747616,0.3247794707297514,3.8294314381270897,3,85.39784645084008,78,294.374572976051,2.019625587920736,1.1560808205077715,1.1366594186668553,1.5544175926775745,1.2460521752297036,11.0,8.0,14.0,4.0,8.0
0.6875,36,36,610.0,42,35,50.0,1194.7566735422702,6.116213453508404,0.3227808814400993,0.3775079197465681,0.2301086810680263,0.2831796311146752,5.585284280936455,3,86.04712471158906,78,294.2451976859644,2.044495366715312,1.1578787727423894,1.1354391322872712,1.5432789807452831,1.2494305112245967,11.0,8.0,14.0,4.0,8.0
0.6631944444444444,36,36,610.0,42,35,50.0,1202.721392170506,8.092128321210405,0.4314090626939789,0.6401795142555438,0.4400912384274789,0.32026864474739375,3.91304347826087,4,86.27034315245747,78,293.54750339612343,2.0349496398834463,1.1569951999920594,1.1343507467415916,1.5347977336750922,1.2551653688765916,11.0,8.0,14.0,4.0,8.0
0.11805555555555555,36,36,610.0,42,35,50.0,1214.2446842255056,7.996664585406546,0.44692737430167595,0.6335797254487857,0.42600295183147724,0.31801323175621493,3.9172240802675584,4,86.62502821698257,78,292.8743025407421,2.034367038502202,1.157327064195897,1.1351173453830707,1.5387816528982037,1.2578590771728382,11.0,8.0,14.0,4.0,8.0
0.9097222222222222,36,36,610.0,42,35,50.0,1186.2547686623884,6.071105716972324,0.31036623215394166,0.3880675818373812,0.21870387763316787,0.2831796311146752,5.518394648829431,3,85.83896652718498,78,294.3659573253674,2.0738970004332202,1.1575931592877735,1.1354868884705174,1.5511285959438736,1.2534339620189219,11.5,8.0,14.0,4.0,8.0
0.4965277777777778,36,36,610.0,42,35,50.0,1171.6866496831515,7.937623034177396,0.4376163873370577,0.6335797254487857,0.4112437944451899,0.32076984763432237,3.8461538461538463,3,85.46190428010098,78,294.1471358922208,2.0551438782191944,1.159889587174297,1.1356195924051193,1.5489402451795569,1.2448526307962717,11.0,8.0,14.0,4.0,8.0
0.2881944444444444,36,36,610.0,42,35,50.0,1228.234880824508,7.995015150154225,0.42520173805090006,0.6546990496304118,0.41661076076747616,0.32377706495589414,3.862876254180602,4,86.85085877123932,78,294.47291649195853,2.028289186891916,1.160054842607715,1.134759232633314,1.5395844498572269,1.2586165546165662,11.0,8.0,14.0,4.0,8.0
0.4027777777777778,36,36,610.0,42,35,50.0,1197.2141629185053,6.0270742281096545,0.33209186840471755,0.36958817317845827,0.23547564739031263,0.2761627906976744,5.526755852842809,3,86.31291068490867,78,293.1849532360942,2.0563121477424313,1.15824826447209,1.135865816213797,1.551778459798438,1.2643309922636434,11.0,8.0,14.0,4.0,8.0
0.78125,36,36,610.0,42,35,50.0,1218.190179371506,5.867956679614709,0.31346989447548107,0.3590285110876452,0.24218435529317056,0.26237971130713716,5.668896321070234,4,87.35575911552856,78,295.0532281432079,2.029080581923008,1.1557935606272696,1.1334887809088212,1.5388388012352672,1.2570458653646424,11.0,8.0,14.0,4.0,8.0
0.6145833333333333,36,36,610.0,42,35,50.0,1210.8979398585066,8.099376449691805,0.4655493482309125,0.6494192185850053,0.4313699181537635,0.3210204490777867,3.900501672240803,3,86.30253734663842,78,295.06722867207685,2.00714334551218,1.159234565986276,1.134667844678055,1.528090136282257,1.2433649153581823,11.0,8.0,14.0,4.0,8.0
0.13194444444444445,36,36,610.0,42,35,50.0,1199.7010703685078,6.022199163810543,0.3258845437616387,0.3735480464625132,0.23950087213202736,0.2744085805934242,5.593645484949833,3,86.63677256626602,78,295.58624335689325,2.0658603084945657,1.155500247905345,1.13482510630948,1.5548580286800955,1.2643176559573,11.0,8.0,14.0,4.0,8.0
0.9236111111111112,36,36,610.0,42,35,50.0,1187.8354857465063,8.063286282509953,0.42209807572936064,0.6665786694825765,0.43002817657319203,0.3215216519647153,3.7959866220735785,3,85.62112463883699,78,293.9220162073349,2.0220045913437668,1.1534943799986486,1.1357747592402638,1.5638848762347752,1.2417050506260796,11.0,8.0,14.0,4.0,8.0
0.9791666666666666,36,36,610.0,42,35,50.0,1204.2172327105106,8.08610802092076,0.4158907510862818,0.6348996832101373,0.4286864349926204,0.3317963111467522,3.8503344481605346,3,86.26804681598945,78,294.346913469213,2.0350692417107163,1.1511052898607441,1.1340933417285424,1.529295044155739,1.253011401213306,11.0,8.0,14.0,4.0,8.0
0.7083333333333333,36,36,610.0,42,35,50.0,1203.5412347585066,8.066220891050525,0.42209807572936064,0.6494192185850053,0.4253320810411914,0.3275360866078589,3.8963210702341136,3,86.51313748992945,78,293.7042874537542,2.029319350447111,1.1546786034523209,1.135263087186304,1.556640580948383,1.2532137639338305,11.0,8.0,14.0,4.0,8.0
0.2743055555555556,36,36,610.0,42,35,50.0,1182.060824695506,7.9584988173745135,0.44382371198013654,0.6269799366420274,0.413927277606333,0.3215216519647153,3.854515050167224,3,85.88106492832276,78,295.8424421637312,2.0355196908098185,1.1578663807771536,1.134538471406069,1.5370416827652988,1.243025636502355,11.0,8.0,14.0,4.0,8.0
0.5972222222222222,36,36,610.0,42,35,50.0,1199.4976003765075,8.055979407098683,0.44382371198013654,0.6573389651531151,0.43204078894404935,0.3175120288692863,3.900501672240803,3,86.61467223068848,78,293.93910179151305,2.0388346367455776,1.1590151171472092,1.1347662535745497,1.5539601299909478,1.243121571915537,11.0,8.0,14.0,4.0,8.0
0.0,36,36,610.0,42,35,50.0,1191.5754739165063,8.033493994531442,0.4407200496585971,0.6309398099260823,0.4327116597343352,0.3205192461908581,3.867056856187291,4,86.27605659695004,78,294.06631819501786,2.0261454716904845,1.1604445403492591,1.1351399029068083,1.5382378367819953,1.2428876325493607,11.0,8.0,14.0,4.0,8.0
0.8645833333333334,36,36,610.0,42,35,50.0,1217.2271652245072,8.034409910988028,0.4314090626939789,0.6428194297782471,0.43606601368576414,0.32001804330392947,4.005016722408026,3,86.89706804113727,78,294.6441569283868,2.0340078499146577,1.154235970353836,1.1357181916782517,1.5391266365923295,1.257887335158368,11.0,8.0,14.0,4.0,8.0
0.1076388888888889,36,36,610.0,42,35,50.0,1181.188171707518,7.988329313427638,0.42520173805090006,0.6546990496304118,0.40856031128404674,0.32377706495589414,3.862876254180602,3,85.69986934680223,78,294.50116438668834,1.9990256612828692,1.1608288972410992,1.1364109638909368,1.5409512385797817,1.2502829268123437,11.0,8.0,14.0,4.0,8.0
0.8611111111111112,36,36,610.0,42,35,50.0,1201.928443638507,8.100062138754758,0.45313469894475483,0.646779303062302,0.4092311820743325,0.33129510825982356,3.967391304347826,3,87.09788747005976,78,293.70984064252633,2.0504794165154743,1.1511039202958722,1.1350753285213664,1.538168330514659,1.2540996378784546,11.0,8.0,14.0,4.0,8.0
0.1875,36,36,610.0,42,35,50.0,1196.8463424115068,6.015221719036878,0.31346989447548107,0.38146779303062306,0.24352609687374213,0.272654370489174,5.493311036789297,3,86.42125720990398,78,294.25166397637804,2.0462855900325154,1.1566895707461655,1.1343809599798211,1.5303934150719392,1.2496280779174667,11.0,8.0,14.0,4.0,8.0
0.2673611111111111,36,36,610.0,42,35,50.0,1214.7966670235069,8.101827318653406,0.45623836126629425,0.6626187961985217,0.42130685629947673,0.32377706495589414,4.038461538461538,3,87.33561069459435,78,294.53444154915206,2.030927138403862,1.154740416291586,1.135848674710128,1.550015134562134,1.2564865506644676,11.0,8.0,14.0,4.0,8.0
0.3784722222222222,36,36,610.0,42,35,50.0,1198.7890531347743,8.037180319181463,0.4314090626939789,0.6573389651531151,0.42063598550919096,0.3232758620689655,3.8294314381270897,3,85.90953041410724,78,294.22695847564256,2.0121416803719474,1.1563438638719612,1.135719015448759,1.5598091639586134,1.2445067394847835,11.0,8.0,14.0,4.0,8.0
0.006944444444444444,36,36,610.0,42,35,50.0,1195.0472747675078,8.08724013603909,0.44382371198013654,0.6626187961985217,0.4099020528646182,0.3280372894947875,3.921404682274247,3,86.19412909327434,78,294.2612834278404,2.0263823007433905,1.1568677856777534,1.134611231897455,1.5350390422084519,1.2534373116795492,11.0,8.0,14.0,4.0,8.0
0.020833333333333332,36,36,610.0,42,35,50.0,1178.725235324507,5.974479661133078,0.3227808814400993,0.36034846884899685,0.24151348450288473,0.27115076182838815,5.464046822742475,3,85.13396334982606,78,294.3737708080086,2.0134528655606703,1.1580304760761104,1.1363940350678767,1.5515923025701615,1.251392865246674,11.0,8.0,14.0,4.0,8.0
0.08333333333333333,36,36,610.0,42,35,50.0,1198.0307670705083,8.126662389092209,0.44692737430167595,0.6414994720168954,0.42197772708976244,0.33004210104250203,3.900501672240803,4,86.12426750913774,78,293.80666050822106,2.0415085742442827,1.1563929306810241,1.134108119392648,1.520895998740866,1.2585423427828981,11.0,8.0,14.0,4.0,8.0
0.21875,36,36,610.0,42,35,50.0,1204.772903316508,7.996586126409072,0.4314090626939789,0.6599788806758183,0.4038642157520461,0.32076984763432237,3.921404682274247,4,86.05408541924565,78,294.27567148349846,2.028637551847514,1.1600239496690514,1.1348274234415168,1.5325419971900582,1.2565347867243846,11.0,8.0,14.0,4.0,8.0
0.46875,36,36,610.0,42,35,50.0,1174.3093712402024,6.017146560728354,0.31346989447548107,0.3880675818373812,0.21937474842345364,0.2791700080192462,5.48494983277592,3,85.9249163260381,78,294.16468531447975,2.038369584844742,1.1543872962329438,1.1349002572230102,1.549894397834604,1.2586757227464511,11.0,8.0,14.0,4.0,8.0
0.4375,36,36,610.0,42,35,50.0,1187.5400145530768,8.072574719254023,0.4407200496585971,0.6309398099260823,0.4253320810411914,0.32778668805132316,3.9381270903010033,3,86.43475855381313,78,295.0679381463609,2.0340840218584106,1.1562944069231744,1.1344718787248511,1.5331166678931527,1.25001604661237,11.0,8.0,14.0,4.0,8.0
0.2638888888888889,36,36,610.0,42,35,50.0,1212.885376736508,8.104818459623365,0.4686530105524519,0.6692185850052798,0.413927277606333,0.326032477947073,3.9172240802675584,3,86.73347049553138,78,293.9367428673291,2.051951398032775,1.1510008074955738,1.1339588298552896,1.5376148403136836,1.2535572343042967,11.0,8.0,14.0,4.0,8.0
0.7291666666666667,36,36,610.0,42,35,50.0,1231.3369606255103,8.116476531652989,0.44382371198013654,0.6573389651531151,0.42063598550919096,0.3262830793905373,4.046822742474916,4,87.78128737456038,78,295.0431784795306,2.0285709383542443,1.1542607735543515,1.1335250344391308,1.5393326144933015,1.2578080552563928,11.0,8.0,14.0,4.0,8.0
0.3333333333333333,36,36,610.0,42,35,50.0,1184.0319369965068,8.125525667807624,0.44692737430167595,0.6692185850052798,0.39983899101033143,0.3338011226944667,3.9297658862876257,3,86.47944030065499,78,293.7608926713924,2.032791533090576,1.157200933602298,1.1351676216557247,1.5329004161069726,1.2589226200772892,11.0,8.0,14.0,4.0,8.0
0.034722222222222224,36,36,610.0,42,35,50.0,1170.87298815194,8.048717249376129,0.44692737430167595,0.6375395987328405,0.417281631557762,0.3247794707297514,3.887959866220736,3,85.50930100726433,78,294.3384344092178,2.0834492010870234,1.1600564176929304,1.1360594600834955,1.5418422632650035,1.2534394328103882,11.0,8.0,14.0,4.0,8.0
0.3645833333333333,36,36,610.0,42,35,50.0,1193.7832787833895,6.141670011200726,0.32898820608317814,0.39334741288278774,0.2361465181805984,0.2836808340016038,5.4138795986622075,3,85.77775775931212,78,294.25255438975256,2.0672390374158582,1.1581217381336963,1.1353876629208401,1.5541705106718804,1.2521608608334895,11.5,8.0,14.0,4.0,8.0
0.6319444444444444,36,36,610.0,42,35,50.0,1170.1840516065013,5.941638536995345,0.33209186840471755,0.3563885955649419,0.2361465181805984,0.2709001603849238,5.4138795986622075,3,85.46965815433278,78,294.44211090177293,2.0705612496704138,1.1590880612891865,1.1352437604839007,1.5464646106623476,1.2487553991233535,11.0,8.0,14.0,4.0,8.0
0.7465277777777778,36,36,610.0,42,35,50.0,1218.3794102425088,8.06685156053236,0.4376163873370577,0.6626187961985217,0.4125855360257614,0.32352646351242986,4.0175585284280935,4,87.20842970137433,78,294.73569026012007,2.0400658262680578,1.1538339021060415,1.133339169557033,1.5170951724046169,1.2492573411551005,11.0,8.0,14.0,4.0,8.0
0.8854166666666666,36,36,610.0,42,35,50.0,1207.667670419397,8.005313166156961,0.4376163873370577,0.6480992608236537,0.4125855360257614,0.32352646351242986,3.887959866220736,4,86.50201346773171,78,293.1304524746938,2.016255551866116,1.1601014605699993,1.1352981018928583,1.5335114409792885,1.254344395930808,11.0,8.0,14.0,4.0,8.0
0.9305555555555556,36,36,610.0,42,35,50.0,1200.1403147135081,8.128036153088821,0.4345127250155183,0.6520591341077085,0.41661076076747616,0.3325481154771452,3.9255852842809364,3,86.45595730080262,78,293.97938251358227,2.020221271562488,1.1554601683725652,1.1347343146287088,1.5325583934854219,1.2567931021780394,11.0,8.0,14.0,4.0,8.0
0.6076388888888888,36,36,610.0,42,35,50.0,1219.8049296295048,8.049756137974864,0.4686530105524519,0.6533790918690602,0.43002817657319203,0.317261427425822,4.000836120401337,3,87.1667276840763,78,294.2313023745295,2.0322035745894755,1.1556839173899272,1.1343899834050282,1.525302831537334,1.2470763373172291,11.0,8.0,14.0,4.0,8.0
0.5173611111111112,36,36,610.0,42,35,50.0,1195.091328952197,6.086547479024347,0.3414028553693358,0.3867476240760296,0.23145042264859786,0.2794206094627105,5.44314381270903,3,85.95985820568096,78,294.07002859613834,1.9940147234492775,1.1564382891879295,1.1355530572059374,1.5523728978652505,1.2615899519079128,11.0,8.0,14.0,4.0,8.0
0.8784722222222222,36,36,610.0,42,35,50.0,1182.7836097985073,8.177866213958332,0.41899441340782123,0.6692185850052798,0.39983899101033143,0.3405673616680032,3.9297658862876257,3,86.48321600725897,78,293.52453960546177,2.0363252442727853,1.157210373354155,1.1354141910626903,1.533620245046595,1.2589152480888575,11.0,8.0,14.0,4.0,8.0
0.9027777777777778,36,36,610.0,42,35,50.0,1191.5164241335067,8.0478497577552,0.44692737430167595,0.6243400211193242,0.4347242721051925,0.32227345629510823,3.854515050167224,4,86.05039733803663,78,294.41801634966987,2.035129776839902,1.1561365463426259,1.1346790783903378,1.5244694776721304,1.2538181066993468,11.0,8.0,14.0,4.0,8.0
0.4791666666666667,36,36,610.0,42,35,50.0,1207.1435005412984,8.101531269243551,0.45934202358783366,0.6560190073917634,0.4192942439286193,0.32553127506014434,3.900501672240803,3,86.40639036544508,78,294.654710081126,2.037479342729828,1.1602842513842297,1.1356240016492012,1.5506112156980092,1.2514853667045855,11.0,8.0,14.0,4.0,8.0
0.4826388888888889,36,36,610.0,42,35,50.0,1194.6877898831451,8.166519833175599,0.4345127250155183,0.6824181626187962,0.4192942439286193,0.3275360866078589,3.8294314381270897,3,85.46278996211826,78,294.4493417458409,2.0299609813012687,1.1563394924356905,1.136153254859347,1.5555815301848126,1.2484854340801332,11.0,8.0,14.0,4.0,8.0
0.8298611111111112,36,36,610.0,42,35,50.0,1208.5456779035073,8.007000761454677,0.4407200496585971,0.6639387539598733,0.4293573057829062,0.31676022453889335,3.867056856187291,3,86.8847783325743,78,294.07956449531343,2.022588567607452,1.1567456874316433,1.1351715039066261,1.5121255615771831,1.2524007617576058,11.0,8.0,14.0,4.0,8.0
0.5104166666666667,36,36,610.0,42,35,50.0,1209.954906152505,8.149604569384383,0.44382371198013654,0.6428194297782471,0.4286864349926204,0.3292902967121091,3.9548494983277593,4,86.94823588530122,78,294.849459044682,2.0232719597546054,1.15618638620168,1.13378113439223,1.5107135063361246,1.2528505886359507,11.0,8.0,14.0,4.0,8.0
0.03125,36,36,610.0,42,35,50.0,1198.9891769491667,8.049536763075421,0.4345127250155183,0.6494192185850053,0.4099020528646182,0.3262830793905373,3.975752508361204,4,86.04856910423268,78,293.7979626510497,2.075542515091957,1.1562915532287064,1.1339185639626996,1.524659849561478,1.2549789348609903,11.0,8.0,14.0,4.0,8.0
0.017361111111111112,36,36,610.0,42,35,50.0,1206.1889528665079,8.120566509410967,0.44382371198013654,0.6507391763463569,0.43338253052462095,0.32377706495589414,3.91304347826087,3,86.29664650890368,78,294.6976973318016,2.0251443748026086,1.157765584975137,1.1349400873871685,1.53241250648967,1.249947370002002,11.0,8.0,14.0,4.0,8.0
0.8055555555555556,36,36,610.0,42,35,50.0,1202.5280910544197,6.276692992988554,0.3414028553693358,0.38278775079197463,0.24889306319602844,0.28493384121892545,5.5225752508361206,3,85.10504530719592,78,294.76625861733135,2.0628150101571165,1.1585887398544354,1.1360203229671688,1.558568977901825,1.2496441829566036,11.5,8.0,14.0,4.0,8.0
0.4270833333333333,36,36,610.0,42,35,50.0,1208.4523556755078,8.20466283023354,0.45934202358783366,0.6612988384371701,0.42801556420233466,0.33054330392943065,3.8837792642140467,3,86.12420578076899,78,294.58139912668634,2.0276926822793255,1.159201110583944,1.135486591246432,1.5509948285791364,1.2500881898763545,11.0,8.0,14.0,4.0,8.0
0.9722222222222222,36,36,610.0,42,35,50.0,1194.6759234855072,8.084610215689354,0.45003103662321536,0.6335797254487857,0.4286864349926204,0.32528067361668,3.9046822742474916,3,86.08928160298416,78,294.80099338207356,2.0240758740676266,1.160913111207027,1.1352948228973356,1.5499343789391973,1.2470322684189048,11.0,8.0,14.0,4.0,8.0
0.1736111111111111,36,36,610.0,42,35,50.0,1192.2125597103363,8.088073128958154,0.4407200496585971,0.6296198521647307,0.41593988997719034,0.33004210104250203,3.8712374581939804,3,85.56360020296798,78,294.50452321506697,2.026539170194222,1.161576003090961,1.1367689831040153,1.5340656392841077,1.2527151021944865,11.0,8.0,14.0,4.0,8.0
0.9895833333333334,36,36,610.0,42,35,50.0,1185.73284709451,8.025728697563817,0.4717566728739913,0.646779303062302,0.4179525023480478,0.32026864474739375,3.887959866220736,3,85.70625352978196,78,294.71328139216484,2.0524523437210815,1.1570445305003612,1.1353523902474487,1.549784926958391,1.2459195624441106,11.0,8.0,14.0,4.0,8.0
0.03819444444444445,36,36,610.0,42,35,50.0,1206.0501764633716,8.263400879612618,0.4748603351955307,0.6599788806758183,0.4454582047497652,0.3302927024859663,3.8168896321070234,3,85.73188927394307,78,295.1825422933649,2.0842805416535746,1.1587361059631163,1.1361546249333565,1.541273446590406,1.2528236193907885,12.0,8.0,14.0,4.0,8.0
0.09375,36,36,610.0,42,35,50.0,1166.3228811763834,5.918459407251405,0.31346989447548107,0.3880675818373812,0.22205823158459678,0.27014835605453086,5.426421404682275,3,85.74435374006262,78,293.3960896654974,2.0708438667730604,1.1569236000177567,1.1351063989933246,1.5490201404965145,1.2577348958554109,11.5,8.0,14.0,4.0,8.0
0.7256944444444444,36,36,610.0,42,35,50.0,1208.4282542195085,5.939250301317375,0.3165735567970205,0.38146779303062306,0.23212129343888366,0.26613873295910184,5.56438127090301,3,87.24164692848146,78,294.0116603641823,2.0530927604494926,1.1513232096414703,1.1349502303141932,1.548614786159365,1.2615057413258182,11.0,8.0,14.0,4.0,8.0
0.2013888888888889,36,36,610.0,42,35,50.0,1209.24939291051,7.965857055588427,0.4748603351955307,0.6348996832101373,0.4078894404937609,0.31876503608660783,3.988294314381271,4,86.536695142154,78,294.8050438322236,2.0382941679229156,1.1548804617848782,1.133943038201563,1.5248955228290042,1.2537401015946752,11.0,8.0,14.0,4.0,8.0
0.18055555555555555,36,36,610.0,42,35,50.0,1205.5595452105063,5.988096508036349,0.3227808814400993,0.36826821541710664,0.2381591305514558,0.272654370489174,5.526755852842809,3,87.10324142655523,78,293.97323476201535,2.0566431825069933,1.1532375962104697,1.1352835651279765,1.5558982053641977,1.262008293728622,11.0,8.0,14.0,4.0,8.0
0.5381944444444444,36,36,610.0,42,35,50.0,1190.4739451185092,8.010093342161394,0.4345127250155183,0.6573389651531151,0.41057292365490405,0.3250300721732157,3.8963210702341136,3,86.33687560084623,78,293.13745646579963,2.0434931457679744,1.1520157047113062,1.1362614399475657,1.5461164289883147,1.253373856025258,11.0,8.0,14.0,4.0,8.0
0.07291666666666667,36,36,610.0,42,35,50.0,1191.756944889505,6.086378084217891,0.32898820608317814,0.3973072861668427,0.24553870924459947,0.2744085805934242,5.455685618729097,3,85.24406789809645,78,294.72053700477295,2.0014825567271513,1.1590338654553556,1.136755785195296,1.5527092012681316,1.2540426533701265,11.0,8.0,14.0,4.0,8.0
0.1527777777777778,36,36,610.0,42,35,50.0,1219.2458234515095,8.082676606941092,0.44382371198013654,0.6560190073917634,0.42264859788004827,0.3232758620689655,3.9255852842809364,4,86.48019421857403,78,294.6774036294505,2.039027805447718,1.1579557659090074,1.1348207328723097,1.5477954948119002,1.254285123994357,11.0,8.0,14.0,4.0,8.0
0.6736111111111112,36,36,610.0,42,35,50.0,1203.5946390615081,5.980523473220856,0.31346989447548107,0.3920274551214361,0.2307795518583121,0.27115076182838815,5.572742474916388,3,86.72712687684911,78,293.8352492059539,2.062320375477891,1.1525043801021397,1.1344555146425308,1.5554476098114673,1.26612678381725,11.0,8.0,14.0,4.0,8.0
0.8402777777777778,36,36,610.0,42,35,50.0,1202.3821560828367,6.080362808253772,0.33519553072625696,0.38410770855332627,0.23346303501945526,0.2754109863672815,5.543478260869565,3,85.89174458472326,78,294.2893573123626,2.0115914065056275,1.1588618037156335,1.137292245273656,1.5587609508879003,1.2594201528992022,11.0,8.0,14.0,4.0,8.0
0.3680555555555556,36,36,610.0,42,35,50.0,1204.7375473805084,8.201767877048546,0.45934202358783366,0.6507391763463569,0.40520595733261777,0.3400661587810746,3.9799331103678925,3,87.060756786544,78,294.2384147710763,2.038371887866071,1.150636179596179,1.1351201861114675,1.5426781748452583,1.2526413598261121,11.0,8.0,14.0,4.0,8.0
0.3611111111111111,36,36,610.0,42,35,50.0,1176.988531513879,7.9809469952087415,0.44692737430167595,0.632259767687434,0.4099020528646182,0.32352646351242986,3.8210702341137126,3,85.41123833968395,78,294.1514103470676,2.069150979749324,1.1612464397737856,1.137763046357461,1.556801361568695,1.2518796703497612,11.0,8.0,14.0,4.0,8.0
0.7881944444444444,36,36,610.0,42,35,50.0,1213.0087088634448,6.013290164178228,0.3196772191185599,0.3880675818373812,0.23212129343888366,0.2709001603849238,5.476588628762542,3,86.16915475159018,78,294.4125993381875,2.0054843812449588,1.1559881516948631,1.1378345815452238,1.5544828410165108,1.251199127334678,11.0,8.0,14.0,4.0,8.0
0.2326388888888889,36,36,610.0,42,35,50.0,1221.325252367508,5.9158676825410375,0.29795158286778395,0.3735480464625132,0.2381591305514558,0.2683941459502807,5.614548494983278,3,87.64978409003334,78,293.6573053573577,2.048433552692453,1.15708016590356,1.1350722762667078,1.5335199342389223,1.2571931337129367,11.0,8.0,14.0,4.0,8.0
0.9375,36,36,610.0,42,35,50.0,1205.8481949978752,8.018218980578022,0.4407200496585971,0.6243400211193242,0.42130685629947673,0.32227345629510823,3.9255852842809364,3,86.05208214089319,78,294.1712387599451,2.0227737223156956,1.1602722876804252,1.1355345876722565,1.5320605266763114,1.2499279495174211,11.0,8.0,14.0,4.0,8.0
0.3159722222222222,36,36,610.0,42,35,50.0,1187.310302949507,8.031224111358986,0.45003103662321536,0.646779303062302,0.40520595733261777,0.3282878909382518,3.91304347826087,3,86.6963433371189,78,293.73448698708637,2.0542918583741936,1.149449973994274,1.1356051328937158,1.5340103979861497,1.2576231217125726,11.0,8.0,14.0,4.0,8.0
0.6458333333333333,36,36,610.0,42,35,50.0,1227.4792108935103,8.01810307531055,0.44692737430167595,0.6507391763463569,0.42734469341204884,0.32026864474739375,3.91304347826087,4,87.26183124364809,78,294.60402597924013,2.028024748200658,1.156370021832316,1.134493734894643,1.542169818031847,1.255204054398404,11.0,8.0,14.0,4.0,8.0
0.003472222222222222,36,36,610.0,42,35,50.0,1169.6404544146285,8.017034813108399,0.40037243947858475,0.6414994720168954,0.4179525023480478,0.32728548516439454,3.8294314381270897,3,85.49311591160422,78,294.6721869228769,2.051867493499384,1.157629275299195,1.136531973099721,1.546764793426496,1.244578070558287,11.0,8.0,14.0,4.0,8.0
0.8576388888888888,36,36,610.0,42,35,50.0,1182.1912920234029,8.008252552493566,0.4717566728739913,0.6586589229144667,0.40856031128404674,0.3232758620689655,3.779264214046823,3,85.79086981860733,78,295.10958191819367,2.068210890672425,1.156446118644073,1.1354587262296503,1.5576184677811262,1.2527551937567825,11.5,8.0,14.0,4.0,8.0
0.3854166666666667,36,36,610.0,42,35,50.0,1202.6287785534696,8.072663254343414,0.45313469894475483,0.6573389651531151,0.42197772708976244,0.3247794707297514,3.9339464882943145,3,86.4141373013797,78,294.5951417558224,2.0222170367961696,1.1584878667434002,1.1350156571164902,1.528074536811532,1.2532590776696397,11.0,8.0,14.0,4.0,8.0
0.06944444444444445,36,36,610.0,42,35,50.0,1221.19069311851,8.083226881701401,0.4748603351955307,0.6665786694825765,0.4347242721051925,0.3135024057738573,3.9046822742474916,3,86.50171485425327,78,294.4972469860537,2.0111206266959787,1.1603243195444384,1.1348145930830138,1.525689328732826,1.2450323158825434,11.0,8.0,14.0,4.0,8.0
0.2152777777777778,36,36,610.0,42,35,50.0,1206.9457191425067,8.109642880476457,0.4376163873370577,0.6837381203801478,0.41057292365490405,0.326032477947073,3.988294314381271,3,86.49137052122089,78,294.3780867746156,2.0425167673834523,1.1547606500588952,1.1357457521904533,1.5485664185128059,1.256907495656591,11.0,8.0,14.0,4.0,8.0
0.8333333333333334,36,36,610.0,42,35,50.0,1226.1901179475071,8.008663915332479,0.42520173805090006,0.6612988384371701,0.4233194686703341,0.32202285485164395,3.862876254180602,4,87.1334110349609,78,293.8712874695469,2.0280640781698986,1.1581057596692501,1.1353051809455317,1.54162434362938,1.2611300681156143,11.0,8.0,14.0,4.0,8.0
0.9756944444444444,36,36,610.0,42,35,50.0,1186.0353618817758,8.059180820948681,0.45003103662321536,0.6401795142555438,0.4253320810411914,0.3245288692862871,3.804347826086957,3,85.35478539806137,78,294.53610592326214,2.019833696833704,1.1562437429529426,1.136332602060547,1.5554273609087605,1.2452970448256508,11.0,8.0,14.0,4.0,8.0
0.7916666666666666,36,36,610.0,42,35,50.0,1172.356382246506,6.025928299718412,0.33519553072625696,0.37882787750791974,0.22474171474573998,0.28042301523656776,5.44314381270903,3,85.95722318195345,78,294.71366101344853,1.996458826622141,1.1552294227449589,1.1349364136101985,1.534477935525043,1.2592468361800475,11.0,8.0,14.0,4.0,8.0
0.0763888888888889,36,36,610.0,42,35,50.0,1193.726080228508,6.0438938418731825,0.33209186840471755,0.36430834213305174,0.23279216422916948,0.27866880513231757,5.493311036789297,3,86.00657780946645,78,294.5833949693802,2.014192094415182,1.1531572399578884,1.1347038304106092,1.5582448790897006,1.2599129766715746,11.0,8.0,14.0,4.0,8.0
0.1597222222222222,36,36,610.0,42,35,50.0,1189.6920277102129,8.022826221561592,0.44382371198013654,0.6824181626187962,0.40319334496176035,0.32227345629510823,3.862876254180602,3,86.048747561975,78,294.8767251394085,2.021005464181663,1.1534151928293725,1.1341598390359184,1.5332067488885117,1.2535255008615622,11.0,8.0,14.0,4.0,8.0
0.375,36,36,610.0,42,35,50.0,1188.766326287508,7.956489498360937,0.45623836126629425,0.632259767687434,0.42197772708976244,0.3170108259823577,3.9297658862876257,3,86.4633303684608,78,294.3467066572353,2.0325629044030755,1.1576681960163417,1.1355206616836733,1.5286000399464448,1.2498269004642788,11.0,8.0,14.0,4.0,8.0
0.6909722222222222,36,36,610.0,42,35,50.0,1168.2102739444733,5.952837886821708,0.30105524518932336,0.395987328405491,0.22943781027774052,0.2716519647153168,5.526755852842809,3,86.41314815028664,78,293.57837787943237,2.067837731147139,1.1551184009875481,1.1358486665438252,1.5425162939197588,1.260795070941548,11.0,8.0,14.0,4.0,8.0
0.15625,36,36,610.0,42,35,50.0,1205.8851861255096,8.07725540305282,0.4314090626939789,0.6520591341077085,0.42600295183147724,0.3232758620689655,3.9255852842809364,3,86.0358258689448,78,294.22370575063565,2.018632532166979,1.1557660766992952,1.135426465425272,1.5563616638329454,1.243883664883021,11.0,8.0,14.0,4.0,8.0
0.10416666666666667,36,36,610.0,42,35,50.0,1181.3466065575094,7.971177860994569,0.45623836126629425,0.6269799366420274,0.4192942439286193,0.32076984763432237,3.833612040133779,3,85.40609988012508,78,293.6445861782201,2.0297412378228943,1.1592154308330098,1.1359420672290412,1.5692411895924367,1.24513103826798,11.0,8.0,14.0,4.0,8.0
0.21180555555555555,36,36,610.0,42,35,50.0,1210.0842639630819,8.135928888307303,0.4717566728739913,0.6692185850052798,0.39849724942975984,0.3330493183640738,3.858695652173913,3,86.27084947072527,78,294.1219233605059,2.0349715078039665,1.1489509109141816,1.1337571828690893,1.546095722226707,1.2549460717782512,11.0,8.0,14.0,4.0,8.0
0.3090277777777778,36,36,610.0,42,35,50.0,1190.0055447619275,8.031760625428864,0.4376163873370577,0.6282998944033791,0.42063598550919096,0.3240276663993585,3.892140468227425,3,85.76505645710219,78,295.3052564832604,2.0654375332082533,1.1592799329759282,1.1362847149333577,1.5463592582412997,1.2495641975848688,11.0,8.0,14.0,4.0,8.0
0.4097222222222222,36,36,610.0,42,35,50.0,1177.5114991440569,5.989651905789536,0.3258845437616387,0.37486800422386485,0.24755132161545684,0.26939655172413796,5.418060200668896,3,85.86367011978662,78,294.8376632718423,2.0416995080411215,1.163213134544451,1.1360741673637564,1.5319905965037344,1.2498110475232052,11.0,8.0,14.0,4.0,8.0
0.5243055555555556,36,36,610.0,42,35,50.0,1203.4838193225044,7.958825409501719,0.4127870887647424,0.6494192185850053,0.4125855360257614,0.321271050521251,3.892140468227425,3,86.09186226398336,78,293.2625943113111,2.0614999025558824,1.1597156580479508,1.1360596385142194,1.51689067218034,1.253956283185134,11.0,8.0,14.0,4.0,8.0
0.7222222222222222,36,36,610.0,42,35,50.0,1177.104469325509,8.105539848150926,0.48106765983860955,0.6678986272439281,0.3823963504629008,0.33756014434643145,3.783444816053512,3,84.60072736138045,78,294.073748136465,2.043391841837138,1.157321695568896,1.1351226379371955,1.54317427270047,1.2631514131977928,11.0,8.0,14.0,4.0,8.0
0.14930555555555555,36,36,610.0,42,35,50.0,1225.7854176175072,8.078808038313358,0.42830540037243947,0.6533790918690602,0.417281631557762,0.32653368083400164,4.059364548494983,4,87.6905152605221,78,294.5878328252615,2.0333591092538095,1.153688248120272,1.1342410861027792,1.5175177712801171,1.2520149218702372,11.0,8.0,14.0,4.0,8.0
0.3923611111111111,36,36,610.0,42,35,50.0,1218.4876654898633,8.052548088855161,0.45313469894475483,0.6269799366420274,0.43002817657319203,0.32202285485164395,3.9255852842809364,3,86.21296356561892,78,294.1797398829283,2.027972621374549,1.1598584842681467,1.1352482890723614,1.5345114443571055,1.2519398887327562,11.0,8.0,14.0,4.0,8.0
0.5208333333333333,36,36,610.0,42,35,50.0,1185.8444096508638,6.014446989409045,0.3227808814400993,0.3920274551214361,0.23547564739031263,0.27340617481956697,5.4515050167224075,3,86.32922089336179,78,292.60596385392444,2.0516203004358857,1.1548168039620286,1.1352399984456145,1.5525933833976522,1.258895318740076,11.0,8.0,14.0,4.0,8.0
0.6215277777777778,36,36,610.0,42,35,50.0,1210.4113807075082,6.014253618215226,0.3165735567970205,0.38278775079197463,0.23748825976117002,0.2776663993584603,5.472408026755852,3,86.40888262354095,78,294.27528488965066,2.0231030105365693,1.1523907485481877,1.134764089859312,1.564402011981929,1.2591997199916347,11.0,8.0,14.0,4.0,8.0
0.6597222222222222,36,36,610.0,42,35,50.0,1200.0944221395062,7.883212339510493,0.38795779019242704,0.6480992608236537,0.41593988997719034,0.31676022453889335,3.892140468227425,3,86.50445781087994,78,293.46519915670075,2.0275809242218634,1.1549360676842675,1.1351872618678063,1.517480579727357,1.2484159987422887,11.0,8.0,14.0,4.0,8.0
0.7361111111111112,36,36,610.0,42,35,50.0,1188.4939196651387,5.90346787621375,0.33209186840471755,0.36694825765575506,0.22876693948745472,0.2671411387329591,5.514214046822742,3,86.32479645274019,78,294.69261483816456,1.985975490792861,1.1586093316463182,1.1366714266197224,1.5519998816011955,1.2472702725756677,11.0,8.0,14.0,4.0,8.0
0.90625,36,36,610.0,42,35,50.0,1172.5143405325048,7.977068340198161,0.41899441340782123,0.646779303062302,0.41459814839661885,0.3205192461908581,3.8377926421404682,3,85.42321611186382,78,294.2205719331265,2.0695531503574216,1.1573071942052164,1.1374318344617116,1.5620458897626968,1.2538208352936322,11.0,8.0,14.0,4.0,8.0
0.5729166666666667,36,36,610.0,42,35,50.0,1188.502095935805,5.950132631915834,0.3196772191185599,0.38542766631467795,0.23212129343888366,0.2706495589414595,5.4682274247491645,3,86.02577907143889,78,294.5306166720484,2.053195174055918,1.155705348939431,1.1348879668870095,1.5600474718101884,1.260367655254211,11.0,8.0,14.0,4.0,8.0
0.16666666666666666,36,36,610.0,42,35,50.0,1211.5564452635058,7.912834646585795,0.44382371198013654,0.6507391763463569,0.4099020528646182,0.31650962309542907,3.887959866220736,3,85.79099081474176,78,293.3224463478077,2.0566094870507405,1.1625026988283103,1.135866634620752,1.5256763048711062,1.251776064101505,11.0,8.0,14.0,4.0,8.0
0.19444444444444445,36,36,610.0,42,35,50.0,1156.2487449376645,5.9509955781793344,0.3258845437616387,0.3629883843717001,0.2233999731651684,0.27992181234963914,5.430602006688963,3,85.8073744677153,78,294.34552124544126,2.01522959234095,1.1564213907595708,1.1353529717906867,1.538755136382648,1.2590628918547921,11.0,8.0,14.0,4.0,8.0
0.4131944444444444,36,36,610.0,42,35,50.0,1175.4787245369064,6.0459412469425455,0.3165735567970205,0.3709081309398099,0.2381591305514558,0.27716519647153165,5.438963210702341,3,85.47544641240947,78,293.97912429365056,2.0435251132490624,1.1596294470835176,1.137590525501425,1.5553445353804636,1.2542674068188928,11.0,8.0,14.0,4.0,8.0
0.6041666666666667,36,36,610.0,42,35,50.0,1165.655056037505,8.079155687855643,0.42520173805090006,0.6335797254487857,0.40856031128404674,0.3365577385725742,3.867056856187291,3,85.95666435913458,78,294.2647696032069,2.022936611300383,1.1548638449912718,1.1341586847757679,1.5227540533572843,1.2567950856790455,11.0,8.0,14.0,4.0,8.0
0.5451388888888888,36,36,610.0,42,35,50.0,1209.3527998235074,8.167151034137339,0.4376163873370577,0.646779303062302,0.44344559237890785,0.32528067361668,3.8837792642140467,4,86.93105649324004,78,294.3206375344768,2.024496582843338,1.1575820733457334,1.1341031799593801,1.5341843766793541,1.2438592857373842,11.0,8.0,14.0,4.0,8.0
0.5763888888888888,36,36,610.0,42,35,50.0,1212.550985659166,8.080102264890241,0.42520173805090006,0.665258711721225,0.4099020528646182,0.3257818765036087,3.9548494983277593,4,86.11247657811961,78,293.6613359040591,2.051853850174754,1.158054314579682,1.134221167408485,1.5278740019827006,1.254166485723087,11.0,8.0,14.0,4.0,8.0
0.3472222222222222,36,36,610.0,42,35,50.0,1206.8452144361358,6.236795683775412,0.3414028553693358,0.395987328405491,0.2556017710988864,0.2831796311146752,5.434782608695652,3,86.05653479579252,78,294.96099283551985,2.030195592601292,1.1582003301559851,1.1351085091858915,1.5666875606356374,1.2592323909769882,11.0,8.0,14.0,4.0,8.0
0.6944444444444444,36,36,610.0,42,35,50.0,1229.0527056875062,8.077593824094555,0.44692737430167595,0.646779303062302,0.43204078894404935,0.3205192461908581,4.000836120401337,3,87.41470924057295,78,294.3558350105704,2.041541072889022,1.1563521646932493,1.1356678340954782,1.530652266636424,1.253189667536914,11.0,8.0,14.0,4.0,8.0
0.010416666666666666,36,36,610.0,42,35,50.0,1202.0591256915081,8.08205339469628,0.4655493482309125,0.6217001055966209,0.41996511471890513,0.33129510825982356,3.921404682274247,3,86.78647319336228,78,294.8440058863283,2.0256291254325802,1.1552124724480908,1.1352917866986396,1.5271080138626172,1.2530178171264283,11.0,8.0,14.0,4.0,8.0
0.9479166666666666,36,36,610.0,42,35,50.0,1206.2356211835072,5.9558677792414185,0.3227808814400993,0.36826821541710664,0.23547564739031263,0.2709001603849238,5.497491638795986,3,86.39747200857994,78,293.18876464263724,2.0589443383085713,1.157049249028766,1.1355241445814173,1.5550228057070414,1.2614226544720695,11.0,8.0,14.0,4.0,8.0
0.7326388888888888,36,36,610.0,42,35,50.0,1190.3604111635077,5.911761084703934,0.3165735567970205,0.36826821541710664,0.23950087213202736,0.2663893344025662,5.535117056856188,4,86.36890992884368,78,294.3778974564633,2.0500885368105815,1.155290041797547,1.1328621073004703,1.5210121749695036,1.2497332756237174,11.0,8.0,14.0,4.0,8.0
0.3055555555555556,36,36,610.0,42,35,50.0,1202.2999153525077,8.1263102855847,0.4158907510862818,0.6678986272439281,0.42197772708976244,0.32703488372093026,3.91304347826087,4,86.15092642957657,78,293.7509897803505,2.085571843737582,1.1536117708441114,1.1343394679745478,1.534812291477692,1.2554769531540726,11.0,8.0,14.0,4.0,8.0
0.10069444444444445,36,36,610.0,42,35,50.0,1216.5042043585092,8.050068889566203,0.45003103662321536,0.6454593453009504,0.4387494968469073,0.32026864474739375,3.892140468227425,4,87.14189347233821,78,294.7939916893946,2.0135839688715302,1.1575260005029213,1.134542770055448,1.5374412479484882,1.249027484803491,11.0,8.0,14.0,4.0,8.0
0.3888888888888889,36,36,610.0,42,35,50.0,1211.4685964995072,8.011664931751358,0.44382371198013654,0.6428194297782471,0.42667382262176307,0.31901563753007217,3.9464882943143813,4,86.70604714475375,78,294.338426490821,2.028940784127829,1.156990688037272,1.1336113356794095,1.504507833636393,1.2475187264282106,11.0,8.0,14.0,4.0,8.0
0.6006944444444444,36,36,610.0,42,35,50.0,1188.6622964058836,7.966375017712256,0.42209807572936064,0.6375395987328405,0.41661076076747616,0.32227345629510823,3.833612040133779,3,85.77631928948486,78,294.48504182730153,2.0427096166914884,1.1568578145075366,1.1367129696964915,1.5467267064931816,1.2475647781283676,11.0,8.0,14.0,4.0,8.0
0.8125,36,36,610.0,42,35,50.0,1193.5194299715056,8.055019406940719,0.42830540037243947,0.6731784582893348,0.41191466523547565,0.3250300721732157,3.9297658862876257,3,86.59819425199527,78,294.1862073480698,2.0263494200117504,1.1522308662320757,1.1361449521525493,1.5406404744507305,1.25530581353636,11.0,8.0,14.0,4.0,8.0
0.22916666666666666,36,36,610.0,42,35,50.0,1169.6597093225078,7.9935697086240864,0.44692737430167595,0.6612988384371701,0.39380115389775927,0.32528067361668,3.8754180602006687,3,85.5910118375939,78,293.75629779109966,2.0417745065047823,1.1559939464849451,1.133998823020748,1.5427886640759279,1.2645285198271217,11.0,8.0,14.0,4.0,8.0
0.4166666666666667,36,36,610.0,42,35,50.0,1173.7432077058272,5.947760781647244,0.3072625698324022,0.38542766631467795,0.21803300684288207,0.27340617481956697,5.476588628762542,3,85.89765180867475,78,293.9503460695257,2.0591460760027616,1.1551757799771476,1.1346267511970982,1.5500968314005186,1.2566975388735382,11.0,8.0,14.0,4.0,8.0
0.4930555555555556,36,36,610.0,42,35,50.0,1189.4917371935078,7.951243444450348,0.42830540037243947,0.6217001055966209,0.43740775526633574,0.31325180433039296,3.8754180602006687,4,85.9352184387175,78,294.7705947512693,2.0305824322519195,1.1592016070604299,1.1342426226719438,1.5231094584953773,1.2516528689600432,11.0,8.0,14.0,4.0,8.0
0.8993055555555556,36,36,610.0,42,35,50.0,1202.6285955005076,5.987484887826198,0.33519553072625696,0.39466737064413937,0.2468804508251711,0.2616279069767442,5.547658862876254,3,86.7640915962825,78,295.0194911989238,2.0714751564248948,1.1524644434326694,1.133791631939619,1.5367417156910284,1.2584193940818214,11.0,8.0,14.0,4.0,8.0
0.9930555555555556,36,36,610.0,42,35,50.0,1179.7507197033533,8.006606055605445,0.4407200496585971,0.6428194297782471,0.41996511471890513,0.32227345629510823,3.8377926421404682,3,85.66649320581925,78,295.8060650345156,2.017702676721262,1.155538233829474,1.1356138444752237,1.5285572876579763,1.2541913818725459,11.0,8.0,14.0,4.0,8.0
0.5347222222222222,36,36,610.0,42,35,50.0,1175.932546716789,7.988028684694385,0.44382371198013654,0.646779303062302,0.40319334496176035,0.3247794707297514,3.8377926421404682,3,84.75820321915074,78,293.8815962609127,2.060458505957242,1.1594405126685734,1.1360233810162947,1.562759911159069,1.2568549463522998,11.0,8.0,14.0,4.0,8.0
0.2569444444444444,36,36,610.0,42,35,50.0,1201.4035191942976,8.060788078458362,0.45313469894475483,0.6586589229144667,0.4179525023480478,0.32076984763432237,3.9381270903010033,3,86.18481839963694,78,295.4844170089452,2.0613828170100406,1.1600386014908006,1.1354211219716124,1.544923915914545,1.25195170678847,11.0,8.0,14.0,4.0,8.0
0.71875,36,36,610.0,42,35,50.0,1181.5573861879147,8.039888195289272,0.42520173805090006,0.632259767687434,0.4125855360257614,0.3285384923817161,3.833612040133779,3,85.06177062681152,78,294.8065073246797,2.0332150862228766,1.1614522705854526,1.1371793401498074,1.5368276322737446,1.2505798231498129,11.0,8.0,14.0,4.0,8.0
0.3194444444444444,36,36,610.0,42,35,50.0,1218.1754286305086,8.092550698469806,0.44692737430167595,0.6335797254487857,0.42667382262176307,0.32728548516439454,4.021739130434782,3,87.14206289863382,78,294.83654832450105,2.031054541296772,1.1540283360107593,1.135606278593229,1.5404285692508364,1.2563279396472133,11.0,8.0,14.0,4.0,8.0
0.5798611111111112,36,36,610.0,42,35,50.0,1183.2154672285685,8.029070494612583,0.4345127250155183,0.6230200633579726,0.42801556420233466,0.32377706495589414,3.862876254180602,3,85.7241911423737,78,293.79327172055235,2.081769261250021,1.1610694291795125,1.1357397471761737,1.5394927129852263,1.256798883863175,11.5,8.0,14.0,4.0,8.0
0.84375,36,36,610.0,42,35,50.0,1184.8081505285052,5.964401073001004,0.3414028553693358,0.3801478352692714,0.23279216422916948,0.2691459502806736,5.514214046822742,3,86.12167859420012,78,293.53674954549683,2.011007091008413,1.1560763280522117,1.1359845171031964,1.5375213533527947,1.2652096644555888,11.0,8.0,14.0,4.0,8.0
0.20833333333333334,36,36,610.0,42,35,50.0,1198.0135433557373,8.16330334934703,0.44382371198013654,0.6678986272439281,0.4313699181537635,0.3280372894947875,3.862876254180602,3,85.51439629828245,78,295.417980285227,2.021210204893686,1.1554804737146798,1.1360740700169227,1.5547774044454306,1.2471151618033742,11.0,8.0,14.0,4.0,8.0
0.7951388888888888,36,36,610.0,42,35,50.0,1206.5109289896498,6.074263777797082,0.33519553072625696,0.38542766631467795,0.2509056755668858,0.2703989574979952,5.568561872909699,3,86.58952636955908,78,294.4238044120234,2.056734535865028,1.154861547490757,1.134421250593469,1.5441181232436552,1.2515706633708428,11.0,8.0,14.0,4.0,8.0
0.7013888888888888,36,36,610.0,42,35,50.0,1196.4962897445082,8.140406584765254,0.45313469894475483,0.6586589229144667,0.4340534013149068,0.3240276663993585,3.867056856187291,3,86.03181702643622,78,294.00038241346925,2.012289796473512,1.1563293788821274,1.1358861221465673,1.56483490415953,1.2456554870353576,11.0,8.0,14.0,4.0,8.0
0.8506944444444444,36,36,610.0,42,35,50.0,1202.0946940415079,7.976570572765225,0.4407200496585971,0.6348996832101373,0.42197772708976244,0.31676022453889335,3.921404682274247,4,86.25935699197368,78,293.9254607280278,2.071502073960607,1.1533505891727343,1.134230159278509,1.5227114720210198,1.256178104941219,11.0,8.0,14.0,4.0,8.0
0.3020833333333333,36,36,610.0,42,35,50.0,1207.4280000075078,8.00899484370258,0.4127870887647424,0.6626187961985217,0.4233194686703341,0.31901563753007217,3.9339464882943145,3,86.75873495508203,78,293.90913161883407,2.0573065119585943,1.1538768868941485,1.134569202730868,1.5415504592811842,1.25511261809131,11.0,8.0,14.0,4.0,8.0
0.6493055555555556,36,36,610.0,42,35,50.0,1194.7800785095098,8.084709515236042,0.45313469894475483,0.6533790918690602,0.42734469341204884,0.3232758620689655,3.858695652173913,3,86.0935411440236,78,293.801127303764,2.025482978703304,1.161086034800541,1.1354545637824367,1.5713437912617283,1.244232079974719,11.0,8.0,14.0,4.0,8.0
0.3368055555555556,36,36,610.0,42,35,50.0,1209.2699704205088,7.995881239081124,0.42520173805090006,0.646779303062302,0.41191466523547565,0.32076984763432237,3.963210702341137,3,86.78678146100188,78,293.56530760130005,2.0304943870054672,1.1581426666994932,1.1352935874018575,1.5037394070161811,1.2503660071541378,11.0,8.0,14.0,4.0,8.0
0.13541666666666666,36,36,610.0,42,35,50.0,1198.859544765506,8.133900006031807,0.4686530105524519,0.6718585005279831,0.41661076076747616,0.3262830793905373,3.8754180602006687,4,86.6173571861714,78,294.12879108306424,2.0292476837647335,1.1535055032865618,1.1335291090091018,1.517802976099641,1.2556790160221267,11.0,8.0,14.0,4.0,8.0
0.9652777777777778,36,36,610.0,42,35,50.0,1221.0363846905077,8.024706678143588,0.45934202358783366,0.6705385427666315,0.4253320810411914,0.3155072173215718,3.9506688963210705,3,87.14958011185777,78,293.8644487838764,2.0615520666697225,1.1539820643478536,1.134600471338799,1.5395418679719324,1.2505350861703088,11.0,8.0,14.0,4.0,8.0
0.04513888888888889,36,36,610.0,42,35,50.0,1201.0380500965055,7.993028003154152,0.4127870887647424,0.6678986272439281,0.40520595733261777,0.3247794707297514,3.887959866220736,3,86.73449965751543,78,293.1473155893961,2.0397021023087016,1.1574425467649403,1.1359501847149738,1.5515370689442864,1.255084195082417,11.0,8.0,14.0,4.0,8.0
0.19791666666666666,36,36,610.0,42,35,50.0,1193.955911245506,6.0243998164584225,0.33209186840471755,0.39334741288278774,0.24755132161545684,0.2668905372894948,5.581103678929765,3,86.70861858193523,78,294.0759020546098,2.058677865975006,1.155246850282707,1.134964563794051,1.544841384744954,1.2534403152701143,11.0,8.0,14.0,4.0,8.0
0.4340277777777778,36,36,610.0,42,35,50.0,1194.6025290765085,8.05773682526517,0.42830540037243947,0.6573389651531151,0.40856031128404674,0.33054330392943065,3.8712374581939804,3,86.07714367762892,78,294.62946192392747,2.033122544939845,1.1509454363034504,1.134008530924151,1.5315866874835953,1.254205708496643,11.0,8.0,14.0,4.0,8.0
0.2847222222222222,36,36,610.0,42,35,50.0,1216.9875411495084,8.080125258488204,0.4345127250155183,0.6546990496304118,0.4353951428954783,0.3192662389735365,3.942307692307692,3,87.11907075169245,78,294.066480877483,2.017630466301166,1.1570330359356509,1.1360299891674654,1.5177336568903042,1.2504639915741689,11.0,8.0,14.0,4.0,8.0
0.5625,36,36,610.0,42,35,50.0,1231.1352561495069,8.085733337213084,0.45934202358783366,0.6546990496304118,0.4340534013149068,0.31801323175621493,3.9339464882943145,3,86.5292374836876,78,295.0842034477589,2.0267040900272497,1.1598291882088543,1.1350573462212832,1.5271699343628629,1.251050962328859,11.0,8.0,14.0,4.0,8.0
0.9965277777777778,36,36,610.0,42,35,50.0,1182.5253379675084,5.933781390157825,0.3165735567970205,0.36694825765575506,0.22608345632631155,0.2719025661587811,5.5058528428093645,3,85.73007874199708,78,293.76772356567375,2.033702190989285,1.1562669272666215,1.1346394428770568,1.5479724581431002,1.2641934739120497,11.0,8.0,14.0,4.0,8.0
0.3298611111111111,36,36,610.0,42,35,50.0,1198.2097904125048,8.044310469646469,0.42520173805090006,0.6810982048574445,0.39983899101033143,0.3287890938251804,3.8419732441471575,3,86.25565381315003,78,294.43618458834834,2.0151471594787354,1.1534914988990141,1.1340128032856676,1.5259796812003157,1.249932101033723,11.0,8.0,14.0,4.0,8.0
0.1423611111111111,36,36,610.0,42,35,50.0,1195.3651444061531,6.038559318200212,0.3072625698324022,0.38146779303062306,0.22675432711659732,0.27866880513231757,5.597826086956522,3,86.41069237797859,78,294.5545152771324,2.0458871417491875,1.159936976615403,1.1352647618547682,1.5362339986117857,1.2500732627071436,11.0,8.0,14.0,4.0,8.0
0.9270833333333334,36,36,610.0,42,35,50.0,1197.7655937365068,8.029321230776375,0.4314090626939789,0.6639387539598733,0.39849724942975984,0.33004210104250203,3.867056856187291,3,86.14046462551303,78,294.3579018825976,2.016523632596566,1.151197809601913,1.1337983883693687,1.5205081116388026,1.255038128113866,11.0,8.0,14.0,4.0,8.0
0.3229166666666667,36,36,610.0,42,35,50.0,1196.8296927355086,7.8950782242226305,0.44382371198013654,0.6494192185850053,0.4186233731383336,0.31224939855653566,3.8963210702341136,4,86.34218200572772,78,293.98580870485324,2.0358731933134306,1.1575078634694635,1.134537240948436,1.518182644064408,1.2506712425677704,11.0,8.0,14.0,4.0,8.0
0.9618055555555556,36,36,610.0,42,35,50.0,1176.7760646559832,6.006225731439676,0.3041589075108628,0.3775079197465681,0.22004561921373944,0.2819266238973537,5.40551839464883,3,85.8494849524582,78,294.46763806413645,2.049629824298368,1.1558318478658298,1.135123446881198,1.548461263313069,1.2558199422624963,11.0,8.0,14.0,4.0,8.0
0.3993055555555556,36,36,610.0,42,35,50.0,1184.8130931375056,5.9166066060693066,0.3227808814400993,0.3709081309398099,0.23413390580974106,0.2698977546110666,5.422240802675585,3,86.12112352058637,78,293.9965316895235,2.054300372679012,1.1556806831205488,1.1344617163159587,1.5566742182248836,1.267724973019423,11.0,8.0,14.0,4.0,8.0
0.4722222222222222,36,36,610.0,42,35,50.0,1200.2044397765067,7.895495738228747,0.44382371198013654,0.6546990496304118,0.4186233731383336,0.31099639133921414,3.9172240802675584,3,86.49056905168788,78,293.9884428452671,2.0580308455375174,1.1565098167207966,1.1350582516936143,1.537153885709091,1.2497571757617527,11.0,8.0,14.0,4.0,8.0
0.9444444444444444,36,36,610.0,42,35,50.0,1171.8365398248604,5.930063306718438,0.3196772191185599,0.3722280887011616,0.23950087213202736,0.2681435445068164,5.497491638795986,3,85.76858503958114,78,293.6480228584008,2.0499357993600213,1.1578120355232955,1.134191435291724,1.559881481084394,1.2693028992109363,11.0,8.0,14.0,4.0,8.0
0.9201388888888888,36,36,610.0,42,35,50.0,1188.7595129075062,8.039906633469228,0.45313469894475483,0.6309398099260823,0.4293573057829062,0.32252405773857257,3.91304347826087,3,86.23653914380338,78,294.8728218089132,2.0386802925771454,1.159396351426864,1.1353149327410401,1.5439636215385661,1.2496679276021765,11.0,8.0,14.0,4.0,8.0
0.06597222222222222,36,36,610.0,42,35,50.0,1221.1684117815084,8.147955335627113,0.4376163873370577,0.6414994720168954,0.4327116597343352,0.32703488372093026,3.963210702341137,4,86.83213297645165,78,293.80579993101594,2.0375126966735646,1.1556782437896482,1.1345952106282289,1.540467497887639,1.2568364931892684,11.0,8.0,14.0,4.0,8.0
0.1701388888888889,36,36,610.0,42,35,50.0,1185.5579495075083,7.982219772570353,0.4314090626939789,0.6480992608236537,0.42063598550919096,0.31876503608660783,3.858695652173913,4,85.5124675289506,78,293.7449968343288,2.041974163921294,1.1573380476242794,1.1348826529531233,1.5420090876560986,1.2512088592202943,11.0,8.0,14.0,4.0,8.0
0.4583333333333333,36,36,610.0,42,35,50.0,1204.293310145576,7.937209256450482,0.45934202358783366,0.6111404435058078,0.4246612102509057,0.3170108259823577,3.900501672240803,4,86.35233160699357,78,293.5881365892555,2.0471274433098765,1.1613565512239201,1.1347180104875478,1.5188769164534117,1.2597220275970749,11.0,8.0,14.0,4.0,8.0
0.8159722222222222,36,36,610.0,42,35,50.0,1212.547599341506,7.973999316031922,0.42830540037243947,0.6348996832101373,0.42734469341204884,0.31676022453889335,3.9255852842809364,4,86.72101058316446,78,293.51260582521684,2.0160404334835005,1.158547396746457,1.1349756876396722,1.5238775106726727,1.2555540404638295,11.0,8.0,14.0,4.0,8.0
0.5555555555555556,36,36,610.0,42,35,50.0,1188.3331761645074,7.943017678995619,0.44382371198013654,0.6414994720168954,0.42264859788004827,0.3160084202085004,3.9046822742474916,3,86.49971819576386,78,293.4947642723446,2.04038224317368,1.1590118326474124,1.1355560820944286,1.5374531853594866,1.2574182439171846,11.0,8.0,14.0,4.0,8.0
0.2777777777777778,36,36,610.0,42,35,50.0,1207.9879855800227,8.049301911489398,0.4314090626939789,0.6599788806758183,0.4099020528646182,0.3262830793905373,3.8712374581939804,3,86.10368369508298,78,293.29223571880146,2.0323502581737247,1.151821524140201,1.1351918118502524,1.5298682533238308,1.2498866215948214,11.0,8.0,14.0,4.0,8.0
0.5833333333333333,36,36,610.0,42,35,50.0,1198.6294295946864,8.038125952057987,0.45313469894475483,0.6256599788806758,0.4414329800080504,0.31876503608660783,3.8461538461538463,3,85.90320957740286,78,294.9584913247415,2.073647505639499,1.160741025649538,1.1362817492429853,1.5415934833076324,1.2526724730357466,12.0,8.0,14.0,4.0,8.0
0.8680555555555556,36,36,610.0,42,35,50.0,1200.3347546805062,7.927593094628155,0.42520173805090006,0.6269799366420274,0.4233194686703341,0.317261427425822,3.9297658862876257,4,86.58940981526804,78,293.8683155871618,2.039437331270771,1.1571106421329511,1.1344023034980733,1.5263595391115512,1.250817515047158,11.0,8.0,14.0,4.0,8.0
0.6840277777777778,36,36,610.0,42,35,50.0,1183.8350090358915,5.970153908571356,0.33519553072625696,0.35374868004223864,0.22943781027774052,0.2741579791499599,5.5225752508361206,3,86.34046686400154,78,295.52324637826024,2.0344188917036226,1.1574608466938952,1.136188510860288,1.5563149563776548,1.2496330069819752,11.0,8.0,14.0,4.0,8.0
0.28125,36,36,610.0,42,35,50.0,1159.1912046655052,7.992238035624159,0.45003103662321536,0.6560190073917634,0.39380115389775927,0.32728548516439454,3.91304347826087,3,86.0199347837079,78,293.5202461651434,2.033152287270546,1.1584955392947527,1.1350418177907287,1.5356570094046802,1.2617231290645046,11.0,8.0,14.0,4.0,8.0
0.7118055555555556,36,36,610.0,42,35,50.0,1199.1258929165085,7.820231735941049,0.4314090626939789,0.6560190073917634,0.40319334496176035,0.30974338412189256,3.867056856187291,3,85.67801243544719,78,293.6141685024528,2.052703076162789,1.1611861173021287,1.1358092800072994,1.5321261421468537,1.2559786158836177,11.0,8.0,14.0,4.0,8.0
0.8020833333333334,36,36,610.0,42,35,50.0,1197.275625954507,5.955081457016354,0.3165735567970205,0.36430834213305174,0.24084261371259894,0.26789294306335204,5.556020066889633,3,86.00372293717142,78,295.44308783679367,2.052978932629173,1.1600180974717997,1.1355745103973236,1.5481791973206418,1.253460952031027,11.0,8.0,14.0,4.0,8.0
1.0,36,36,610.0,42,35,50.0,1209.7969596685057,5.920473611362062,0.3165735567970205,0.3616684266103484,0.23748825976117002,0.2698977546110666,5.493311036789297,3,86.98730078160229,78,293.41581367423515,2.0612927526740727,1.1562391591555659,1.1362491982306886,1.5484089768801061,1.2656432505023587,11.0,8.0,14.0,4.0,8.0
0.7673611111111112,36,36,610.0,42,35,50.0,1161.4813980615068,7.945662436932512,0.4127870887647424,0.6111404435058078,0.4313699181537635,0.3195168404170008,3.8001672240802677,3,84.99741412118222,78,295.36370265156233,2.0359435485901716,1.1602077425705426,1.135682205052313,1.5478039595159356,1.245943984006569,11.0,8.0,14.0,4.0,8.0
0.7743055555555556,36,36,610.0,42,35,50.0,1194.114888918507,8.115591536679018,0.45313469894475483,0.675818373812038,0.41191466523547565,0.32728548516439454,3.8754180602006687,3,86.14763884886594,78,293.36386947649464,2.0374240981560665,1.155012184398611,1.1341841980514196,1.5373251351826693,1.2612602692835155,11.0,8.0,14.0,4.0,8.0
0.6423611111111112,36,36,610.0,42,35,50.0,1218.3647895085073,8.001655095685996,0.4345127250155183,0.6520591341077085,0.4152690191869046,0.3217722534081796,3.9548494983277593,3,87.3455165258758,78,293.558375412436,2.034130165834487,1.157439091135004,1.1361932170018814,1.5421800020417213,1.2542796081155965,11.0,8.0,14.0,4.0,8.0
0.3958333333333333,36,36,610.0,42,35,50.0,1204.112946669473,6.2008309632242,0.32898820608317814,0.3973072861668427,0.25962699584060106,0.27641339214113875,5.430602006688963,3,85.7948854243306,78,295.3612483109195,2.039041218728515,1.1560295077075364,1.1350746225070178,1.527213731116614,1.2521420528703864,11.0,8.0,14.0,4.0,8.0
0.3576388888888889,36,36,610.0,42,35,50.0,1192.364763842508,8.058255304132507,0.42520173805090006,0.6217001055966209,0.44814168791090836,0.32227345629510823,3.8001672240802677,4,85.82636115361106,78,294.6512938283384,2.0537038973989885,1.1600025843153494,1.1355638375309045,1.5390376866796847,1.2531947461403927,11.0,8.0,14.0,4.0,8.0
0.7430555555555556,36,36,610.0,42,35,50.0,1200.023061958663,6.105894670093106,0.33209186840471755,0.4012671594508976,0.24956393398631424,0.27365677626303125,5.518394648829431,3,86.91459120057779,78,293.61720948611446,2.0518875016358185,1.1563829685383005,1.1346282543185509,1.5469321724104,1.254861146885232,11.0,8.0,14.0,4.0,8.0
0.8715277777777778,36,36,610.0,42,35,50.0,1178.2643128815089,8.052574792865872,0.4345127250155183,0.6599788806758183,0.4239903394606199,0.32252405773857257,3.8377926421404682,3,85.66516896891177,78,294.5521491499452,2.019900237344524,1.155782890128287,1.1356307357545847,1.5560214989936614,1.2429049936785805,11.0,8.0,14.0,4.0,8.0
0.7986111111111112,36,36,610.0,42,35,50.0,1201.7200255641228,8.213605940195057,0.4655493482309125,0.6705385427666315,0.42197772708976244,0.3297914995990377,3.9339464882943145,4,86.2199615994616,78,293.90201138960714,2.056784462928599,1.1552672689325398,1.133412692727669,1.5274775723494955,1.2562662554213335,11.0,8.0,14.0,4.0,8.0
0.4861111111111111,36,36,610.0,42,35,50.0,1211.0330005835065,8.04272941200464,0.45623836126629425,0.6573389651531151,0.40453508654233195,0.32653368083400164,3.9172240802675584,3,86.6301387492556,78,293.58049757375557,2.024388119844783,1.1527238632371073,1.1353295751882784,1.5285614761121677,1.2568170567489199,11.0,8.0,14.0,4.0,8.0
0.2534722222222222,36,36,610.0,42,35,50.0,1199.7307267955084,8.244009978645773,0.4686530105524519,0.6639387539598733,0.42197772708976244,0.33405172413793105,3.921404682274247,4,85.88487437311963,78,294.1103040685485,2.059652660363713,1.154907842038959,1.1340451504107758,1.5294649122196826,1.2574885975249595,11.0,8.0,14.0,4.0,8.0
0.7048611111111112,36,36,610.0,42,35,50.0,1186.9539509445074,8.013123966044382,0.4376163873370577,0.6441393875395988,0.4152690191869046,0.32302526062550124,3.8712374581939804,3,85.55559185396102,78,295.0876285882621,2.025083707416165,1.159139057780979,1.1354389719083247,1.5325751931556937,1.2526861069079986,11.0,8.0,14.0,4.0,8.0
0.2604166666666667,36,36,610.0,42,35,50.0,1196.460457790421,8.13688029604364,0.46244568590937307,0.6718585005279831,0.42667382262176307,0.32377706495589414,3.7918060200668893,3,84.92278301340336,78,294.62053534318625,2.057956641149672,1.1576641151163942,1.1362365569091184,1.5548306303468258,1.2508555266774644,11.0,8.0,14.0,4.0,8.0
0.9583333333333334,36,36,610.0,42,35,50.0,1175.4035781998512,5.951729803185915,0.3258845437616387,0.36034846884899685,0.23547564739031263,0.2709001603849238,5.392976588628763,3,85.44385357543143,78,293.8967329562399,2.035797003014627,1.158918544482887,1.1382280691915367,1.5526211439195399,1.2543556848359445,11.0,8.0,14.0,4.0,8.0
0.59375,36,36,610.0,42,35,50.0,1213.5645449355093,7.971453109619405,0.4158907510862818,0.646779303062302,0.42667382262176307,0.3182638331996792,3.9548494983277593,4,87.31892071262013,78,294.46228812733966,2.0186988405167154,1.1581207067676234,1.1338939719917827,1.54692443001595,1.2509790090253847,11.0,8.0,14.0,4.0,8.0
0.65625,36,36,610.0,42,35,50.0,1188.753859212507,8.098597043851049,0.4407200496585971,0.6441393875395988,0.4293573057829062,0.32903969526864474,3.8503344481605346,3,86.26203822023167,78,293.6763693319256,2.023276897405482,1.1532905827715818,1.1349735268044536,1.539968356584557,1.2574827688693602,11.0,8.0,14.0,4.0,8.0
0.5902777777777778,36,36,610.0,42,35,50.0,1213.7922481805094,7.939563623469405,0.42830540037243947,0.6810982048574445,0.40520595733261777,0.31676022453889335,3.91304347826087,3,87.26638432216593,78,293.471642742411,2.028749741702982,1.1566512987987654,1.1359124500337408,1.5540587808347297,1.252259601329599,11.0,8.0,14.0,4.0,8.0
0.024305555555555556,36,36,610.0,42,35,50.0,1194.622069645167,6.065539926198635,0.32898820608317814,0.3709081309398099,0.22474171474573998,0.2819266238973537,5.539297658862876,3,86.30488002686867,78,295.1662261846216,2.007038891839585,1.152493074469784,1.133777503311976,1.5487225787796737,1.26007466327205,11.0,8.0,14.0,4.0,8.0
0.16319444444444445,36,36,610.0,42,35,50.0,1211.3160798215072,8.146607751188672,0.4345127250155183,0.6810982048574445,0.4186233731383336,0.3297914995990377,3.8963210702341136,3,86.54176236253461,78,294.2001984717067,2.041675219972756,1.154800672105728,1.1345213556708575,1.5476431195595857,1.2535017289180317,11.0,8.0,14.0,4.0,8.0
0.4479166666666667,36,36,610.0,42,35,50.0,1185.370463662352,8.050764678069038,0.4655493482309125,0.6494192185850053,0.4078894404937609,0.3280372894947875,3.812709030100334,3,85.726453453657,78,295.38091962122434,2.0158272416451233,1.1555425981778666,1.135395445358355,1.5314336763844314,1.2562421135511745,11.0,8.0,14.0,4.0,8.0
0.7395833333333333,36,36,610.0,42,35,50.0,1166.8673279766638,6.02642405796684,0.33519553072625696,0.3709081309398099,0.21937474842345364,0.2829290296712109,5.44314381270903,3,85.67772793583352,78,294.4296668739266,2.01491266947842,1.1544344258051518,1.1347560287212053,1.534958675944094,1.2615986126184437,11.0,8.0,14.0,4.0,8.0
0.6180555555555556,36,36,610.0,42,35,50.0,1190.2320785475054,6.14104006385867,0.33519553072625696,0.3920274551214361,0.25157654635717164,0.27666399358460303,5.501672240802676,3,85.19430480313856,78,295.1773385526666,2.001382793905139,1.1598023951325513,1.136383070046275,1.5331817849266534,1.253304535137886,11.0,8.0,14.0,4.0,8.0
0.7604166666666666,36,36,610.0,42,35,50.0,1205.052787094506,8.108948510838685,0.44382371198013654,0.6916578669482577,0.41057292365490405,0.326032477947073,3.900501672240803,3,86.61630925782919,78,293.69032296076136,2.0315882628683246,1.1559785427911708,1.1361718441009465,1.554563028270299,1.2548655014561918,11.0,8.0,14.0,4.0,8.0
0.14583333333333334,36,36,610.0,42,35,50.0,1170.7186821971584,5.937353686866657,0.33209186840471755,0.38542766631467795,0.22205823158459678,0.26939655172413796,5.543478260869565,3,86.41562030881146,78,293.6062835162564,2.0639722649517362,1.1557967883672915,1.135750456692045,1.5491987060273833,1.25730021052249,11.0,8.0,14.0,4.0,8.0
0.8368055555555556,36,36,610.0,42,35,50.0,1215.4565670993218,6.089876308171877,0.3445065176908752,0.3880675818373812,0.25157654635717164,0.2749097834803529,5.518394648829431,3,86.65646746047527,78,294.46661191657944,2.007570140843656,1.1628844652956714,1.1350150818822125,1.5423092447954527,1.2471952052940933,11.0,8.0,14.0,4.0,8.0
0.8541666666666666,36,36,610.0,42,35,50.0,1183.3803927629167,7.9998657842014875,0.4345127250155183,0.6190601900739177,0.41996511471890513,0.3227746591820369,3.867056856187291,3,85.5592005319825,78,295.2586102319883,2.074230576411471,1.16090261960355,1.1354046325511917,1.5497702731518077,1.2513048813446424,11.0,8.0,14.0,4.0,8.0
0.1388888888888889,36,36,610.0,42,35,50.0,1178.937948380506,5.965435997808905,0.32898820608317814,0.3563885955649419,0.23346303501945526,0.2749097834803529,5.514214046822742,3,86.07070699009815,78,295.34600975340936,2.0343969793487364,1.1578270590242166,1.136337594254163,1.5579008004722177,1.2493897224534956,11.0,8.0,14.0,4.0,8.0
0.6388888888888888,36,36,610.0,42,35,50.0,1160.9389940698234,5.839163928470323,0.31036623215394166,0.37486800422386485,0.2153495236817389,0.2676423416198877,5.397157190635451,3,85.71903551908973,78,293.55771781027505,2.070064511522295,1.1587402044444621,1.1349272526602143,1.5439444657019532,1.2593790801120583,11.5,8.0,14.0,4.0,8.0
0.041666666666666664,36,36,610.0,42,35,50.0,1176.667035380974,7.969438134843837,0.4407200496585971,0.6401795142555438,0.40319334496176035,0.32352646351242986,3.8963210702341136,3,85.61850044184348,78,293.47867777037794,2.0582080323539103,1.1586514427223766,1.135000511545523,1.5526215208197065,1.2626622174468591,11.0,8.0,14.0,4.0,8.0
0.9131944444444444,36,36,610.0,42,35,50.0,1199.4886203735075,8.113639151337768,0.4314090626939789,0.6309398099260823,0.4112437944451899,0.33480352846832395,3.9548494983277593,3,86.55554507985536,78,294.45634528817527,2.037063609455908,1.1521850152823578,1.1348086440906107,1.539754211288232,1.253561549638115,11.0,8.0,14.0,4.0,8.0
0.3402777777777778,36,36,610.0,42,35,50.0,1204.9296235805077,7.958646089282341,0.42830540037243947,0.6388595564941921,0.4152690191869046,0.3205192461908581,3.892140468227425,4,86.39749372605762,78,293.3226106741837,2.013979101693181,1.1590233059983301,1.1350019026728633,1.529007104798085,1.2551783335562758,11.0,8.0,14.0,4.0,8.0
0.22569444444444445,36,36,610.0,42,35,50.0,1179.4070438405422,8.078296666574818,0.42209807572936064,0.6520591341077085,0.4132564068160472,0.3292902967121091,3.862876254180602,3,85.53936082459354,78,294.1252199148907,2.0233009243100755,1.1599570840993658,1.1357609182738897,1.5292949683073644,1.2521788351101726,11.0,8.0,14.0,4.0,8.0
0.5694444444444444,36,36,610.0,42,35,50.0,1187.7322249165074,6.012361805819823,0.3382991930477964,0.37882787750791974,0.22742519790688315,0.2759121892542101,5.514214046822742,3,85.94699787768585,78,295.28115093114275,2.001089182181786,1.1526930162122535,1.1344551357314456,1.5495620115272968,1.2639318958338472,11.0,8.0,14.0,4.0,8.0
0.8263888888888888,36,36,610.0,42,35,50.0,1162.1608370095064,8.069926732671135,0.4376163873370577,0.6533790918690602,0.39916812022004566,0.3338011226944667,3.908862876254181,3,85.86754146803474,78,293.78342580840655,2.0327719692744326,1.156658032308487,1.1346345579543426,1.5385049961200186,1.2586743550338582,11.0,8.0,14.0,4.0,8.0
0.6701388888888888,36,36,610.0,42,35,50.0,1202.5010887285075,6.208567882224507,0.33209186840471755,0.4078669482576558,0.2542600295183148,0.2789194065757819,5.434782608695652,3,85.26209061259013,78,294.51130071601244,2.045251144777457,1.1582670921583011,1.1352936509861578,1.5364593509018893,1.258025422312989,11.0,8.0,14.0,4.0,8.0
0.2708333333333333,36,36,610.0,42,35,50.0,1220.4118478965054,8.06613978171836,0.4314090626939789,0.6573389651531151,0.4186233731383336,0.32076984763432237,4.009197324414716,4,86.77184469300599,78,294.1846788547752,2.01401619415903,1.1584266023312564,1.134655230863385,1.5190054772741488,1.2561609654778123,11.0,8.0,14.0,4.0,8.0
0.3715277777777778,36,36,610.0,42,35,50.0,1215.0096919027096,8.071355915091228,0.4314090626939789,0.6428194297782471,0.4186233731383336,0.3287890938251804,4.013377926421405,4,87.19006955237245,78,295.2520783644103,2.013276522138225,1.1561208353491055,1.1343474353855394,1.5296920192473467,1.2552996554757385,11.0,8.0,14.0,4.0,8.0
0.09027777777777778,36,36,610.0,42,35,50.0,1183.3610742442595,6.145188594847392,0.3227808814400993,0.3761879619852165,0.23547564739031263,0.2864374498797113,5.455685618729097,3,85.62984910433387,78,295.00994890437016,2.059984311686909,1.1595929087656112,1.1358943828325945,1.540590379229404,1.2532472114127624,11.5,8.0,14.0,4.0,8.0
0.4201388888888889,36,36,610.0,42,35,50.0,1224.3122856575078,8.049501375192493,0.44692737430167595,0.6678986272439281,0.4306990473634778,0.31801323175621493,3.921404682274247,3,87.3017610567964,78,294.0722102441905,2.0491247179410474,1.1535486716233845,1.134804773683865,1.5375478903853874,1.250594733813064,11.0,8.0,14.0,4.0,8.0
0.0625,36,36,610.0,42,35,50.0,1219.7784573915053,8.002246587191502,0.45003103662321536,0.6626187961985217,0.4293573057829062,0.31275060144346434,3.971571906354515,3,87.06936863932589,78,293.8625728245842,2.034172468209671,1.1537205784502074,1.1348718326528195,1.5247022768880225,1.248835409804538,11.0,8.0,14.0,4.0,8.0
0.5277777777777778,36,36,610.0,42,35,50.0,1194.8659595292963,7.9198020475298865,0.4407200496585971,0.6454593453009504,0.42063598550919096,0.3155072173215718,3.8419732441471575,4,85.75391406773075,78,293.2833120522138,2.078671134861737,1.1573977049457662,1.1355613966142188,1.539107948543534,1.2609601918141726,11.0,8.0,14.0,4.0,8.0
0.2951388888888889,36,36,610.0,42,35,50.0,1206.8488633802351,6.072406832013628,0.3382991930477964,0.38146779303062306,0.23212129343888366,0.27691459502806737,5.501672240802676,3,86.02009953993844,78,294.2927796702756,2.0119496569624973,1.1575424082262693,1.1372505616656952,1.5587277007643796,1.2596523568502156,11.0,8.0,14.0,4.0,8.0
0.5,36,36,610.0,42,35,50.0,1163.7100501383538,7.8657683666875995,0.4127870887647424,0.6309398099260823,0.41191466523547565,0.32001804330392947,3.7959866220735785,3,85.54704172954787,78,295.1069787621146,2.0220228607606865,1.156133377421819,1.1349632713527273,1.530889005719529,1.2505555470559364,11.0,8.0,14.0,4.0,8.0
0.6979166666666667,36,36,610.0,42,35,50.0,1206.2015061915072,8.053000390013487,0.41899441340782123,0.6401795142555438,0.42734469341204884,0.3247794707297514,3.892140468227425,4,86.29793438538451,78,294.67068410619623,2.0365224100394337,1.1582539752413343,1.1358461160969862,1.5382086431629003,1.256623717586906,11.0,8.0,14.0,4.0,8.0
0.75,36,36,610.0,42,35,50.0,1232.4666696535078,8.118418115583063,0.44382371198013654,0.6612988384371701,0.43002817657319203,0.32302526062550124,3.9506688963210705,3,86.96831762080974,78,294.37140345250054,2.036709352347824,1.159772419017459,1.1354423965606273,1.5311716033487395,1.2565908145111604,11.0,8.0,14.0,4.0,8.0
0.5034722222222222,36,36,610.0,42,35,50.0,1181.125780665506,8.037393869972707,0.44382371198013654,0.636219640971489,0.4099020528646182,0.3295408981555734,3.900501672240803,3,86.10235585673047,78,292.92622535828957,2.0400604938808002,1.1603431851589814,1.135362319426477,1.549133400194545,1.2656381977527975,11.0,8.0,14.0,4.0,8.0
0.8194444444444444,36,36,610.0,42,35,50.0,1168.7500469111815,7.987386545208405,0.44382371198013654,0.6348996832101373,0.41661076076747616,0.32227345629510823,3.783444816053512,3,85.56189792235534,78,295.1595831984493,2.0410301602636927,1.1584037982277684,1.1350257006653934,1.5481246251273104,1.2446880867520131,11.0,8.0,14.0,4.0,8.0
0.4409722222222222,36,36,610.0,42,35,50.0,1192.2844344855062,8.041021551456536,0.4376163873370577,0.646779303062302,0.4233194686703341,0.321271050521251,3.8754180602006687,4,85.77037219799395,78,294.04429867922056,2.041920547715204,1.157801557771932,1.1344410150784587,1.5333610970146627,1.2562756764182892,11.0,8.0,14.0,4.0,8.0
0.53125,36,36,610.0,42,35,50.0,1197.8071141662772,6.24640781522242,0.3227808814400993,0.3907074973600845,0.24956393398631424,0.2831796311146752,5.44732441471572,3,85.53987779451286,78,294.8500205231703,2.05491338298716,1.1633700350203549,1.137827008126742,1.5472415642667339,1.256031303693423,11.0,8.0,14.0,4.0,8.0
0.6354166666666667,36,36,610.0,42,35,50.0,1187.6432671952555,6.135589067377175,0.3227808814400993,0.3775079197465681,0.22675432711659732,0.2864374498797113,5.518394648829431,3,85.70257716472466,78,294.5852660806029,2.065460071032347,1.1592215600856963,1.1362784802424954,1.5390094697637067,1.253889062983743,11.5,8.0,14.0,4.0,8.0
0.7847222222222222,36,36,610.0,42,35,50.0,1195.411625712506,6.011755328946389,0.3258845437616387,0.3867476240760296,0.2468804508251711,0.27115076182838815,5.476588628762542,3,86.5491946979585,78,294.6112833637405,2.027282779707768,1.1600916328705684,1.134611525178575,1.5141277181769612,1.2484125354141224,11.0,8.0,14.0,4.0,8.0
0.3263888888888889,36,36,610.0,42,35,50.0,1183.6471604365067,8.002171386529252,0.42520173805090006,0.6560190073917634,0.4152690191869046,0.32202285485164395,3.867056856187291,3,86.05928105342062,78,294.95126099611014,2.0232772112175517,1.1542403512567814,1.1358554801617549,1.5513737542528618,1.2407914824928206,11.0,8.0,14.0,4.0,8.0
0.4513888888888889,36,36,610.0,42,35,50.0,1194.5628217765075,5.930838354347824,0.31036623215394166,0.3801478352692714,0.22474171474573998,0.2691459502806736,5.560200668896321,3,86.61988986933304,78,293.91776730022605,2.0448838684461825,1.1548799302141781,1.1343131814002412,1.5466981568892324,1.2596746062189774,11.0,8.0,14.0,4.0,8.0
0.5416666666666667,36,36,610.0,42,35,50.0,1202.3183104244713,7.934436523680448,0.4127870887647424,0.6890179514255544,0.41996511471890513,0.31149759422614276,3.9297658862876257,3,86.84074219354795,78,294.8367129257992,2.0398022051274958,1.1569073922720254,1.1347258017658106,1.5460056577068437,1.2540871893581924,11.0,8.0,14.0,4.0,8.0
0.4548611111111111,36,36,610.0,42,35,50.0,1198.0488272145071,5.906104069167107,0.3227808814400993,0.37486800422386485,0.22943781027774052,0.268644747393745,5.480769230769231,3,86.3443825257523,78,293.79103285749125,2.0695087296803885,1.1561408838866152,1.1362455425858602,1.5438728515242888,1.2658369611606952,11.0,8.0,14.0,4.0,8.0
0.8958333333333334,36,36,610.0,42,35,50.0,1200.2486402875072,6.013906389992409,0.32898820608317814,0.36430834213305174,0.23950087213202736,0.27516038492381717,5.4682274247491645,3,86.56855201401935,78,293.8014224079812,2.02665689371305,1.1550813128265038,1.1353455497343157,1.5523254841949021,1.2608871534798634,11.0,8.0,14.0,4.0,8.0
0.8090277777777778,36,36,610.0,42,35,50.0,1201.8187898912768,8.08726617107009,0.45934202358783366,0.6612988384371701,0.41057292365490405,0.32703488372093026,3.921404682274247,3,86.48616692009934,78,294.057356152553,2.058278254486322,1.1500434462539537,1.134585020707429,1.5314861254221674,1.2561704395348414,11.0,8.0,14.0,4.0,8.0
0.2986111111111111,36,36,610.0,42,35,50.0,1189.843229288506,5.98381503117453,0.3382991930477964,0.3775079197465681,0.2388300013417416,0.2709001603849238,5.497491638795986,3,86.20297849648175,78,293.25358185431514,2.014531725637752,1.1569846943941862,1.1363489530604185,1.5433818651938362,1.2647139379406585,11.0,8.0,14.0,4.0,8.0
0.25,36,36,610.0,42,35,50.0,1197.8241378805074,8.01232202216703,0.4345127250155183,0.6599788806758183,0.42264859788004827,0.31876503608660783,3.9339464882943145,3,86.63310671362841,78,294.3223877858266,2.059581864767014,1.1541929101864803,1.1337789195526207,1.5360441784446084,1.2528575634172132,11.0,8.0,14.0,4.0,8.0
0.6666666666666667,36,36,610.0,42,35,50.0,1197.4697914350456,8.04449037027774,0.44692737430167595,0.6428194297782471,0.42063598550919096,0.3210204490777867,3.9046822742474916,3,85.80488555964016,78,294.8750538658823,2.00982770075758,1.1583917019318282,1.1350982037957325,1.531433479418291,1.246396766899867,11.0,8.0,14.0,4.0,8.0
0.3506944444444444,36,36,610.0,42,35,50.0,1204.5877742985074,5.974682206654972,0.3072625698324022,0.39466737064413937,0.2448678384543137,0.26663993584603046,5.514214046822742,3,86.73719483842628,78,293.66471225907907,2.017847246040085,1.1576865880873168,1.1356650303027953,1.555933414664,1.2595603401594793,11.0,8.0,14.0,4.0,8.0
0.9861111111111112,36,36,610.0,42,35,50.0,1204.759221571507,7.992714018295518,0.44692737430167595,0.636219640971489,0.4233194686703341,0.317261427425822,3.921404682274247,4,85.77805416744849,78,293.76702591076906,2.0461558572448126,1.1573335624714207,1.1352601893999317,1.5251836435304218,1.257314131593371,11.0,8.0,14.0,4.0,8.0
0.013888888888888888,36,36,610.0,42,35,50.0,1232.979443588509,8.175316830790578,0.45003103662321536,0.6626187961985217,0.43807862605662146,0.32377706495589414,4.055183946488294,4,87.8390200645053,78,295.3220804335006,2.029120085081651,1.1550868026084133,1.133410529744194,1.5211979746420605,1.2505303253088453,11.0,8.0,14.0,4.0,8.0
0.5069444444444444,36,36,610.0,42,35,50.0,1216.231356675506,5.862009855503335,0.31036623215394166,0.34846884899683206,0.23346303501945526,0.26613873295910184,5.635451505016722,3,87.12955746903238,78,293.6719284143245,2.0472436084450587,1.155111631770372,1.1354545510233143,1.5381027751989325,1.2614174468982782,11.0,8.0,14.0,4.0,8.0
0.2465277777777778,36,36,610.0,42,35,50.0,1176.7606809156723,6.025875818242222,0.32898820608317814,0.37486800422386485,0.21669126526231047,0.28217722534081796,5.501672240802676,3,86.00322684433151,78,294.5455138888474,1.989397267557419,1.1567714865039294,1.1357453441630339,1.5427912116920437,1.2614338644265848,11.0,8.0,14.0,4.0,8.0
0.125,36,36,610.0,42,35,50.0,1193.1659980451761,6.172654804522241,0.3196772191185599,0.38278775079197463,0.2509056755668858,0.28042301523656776,5.464046822742475,3,85.1110879281384,78,294.3096778371832,2.047496794126985,1.1593942082930473,1.1358138786883156,1.555537611528894,1.2594794785418815,11.0,8.0,14.0,4.0,8.0
0.3819444444444444,36,36,610.0,42,35,50.0,1195.3270279605074,8.035996949843401,0.44382371198013654,0.6309398099260823,0.4038642157520461,0.33355052125100243,3.862876254180602,3,86.21058822514777,78,294.28692733039685,2.0171623131030443,1.1513872490649566,1.1334911289724414,1.5183000619091964,1.2564566893403821,11.0,8.0,14.0,4.0,8.0
0.8819444444444444,36,36,610.0,42,35,50.0,1203.8261340135073,8.007618437065403,0.4314090626939789,0.6348996832101373,0.4186233731383336,0.3210204490777867,3.9172240802675584,3,86.08362169581186,78,293.48732408307103,2.036246744370766,1.158498308762558,1.1365683312058383,1.507827138587588,1.2508532793312215,11.0,8.0,14.0,4.0,8.0
0.059027777777777776,36,36,610.0,42,35,50.0,1157.058863784508,7.959360449351799,0.4158907510862818,0.6494192185850053,0.40520595733261777,0.3267842822774659,3.7918060200668893,3,85.16081512886386,78,294.18741341393775,2.032337735603725,1.155766241348996,1.1350698324268063,1.5274323025526821,1.257414039849885,11.0,8.0,14.0,4.0,8.0
0.24305555555555555,36,36,610.0,42,35,50.0,1202.9653937425614,5.988570721105929,0.33209186840471755,0.36958817317845827,0.22809606869716895,0.2719025661587811,5.535117056856188,3,86.18195155592929,78,294.3376454432796,1.9953792709750324,1.1566613073859928,1.1376470415475795,1.559111490701774,1.2528705702991025,11.0,8.0,14.0,4.0,8.0
0.96875,36,36,610.0,42,35,50.0,1234.1484741915083,8.190809368351406,0.45313469894475483,0.6586589229144667,0.4387494968469073,0.3262830793905373,4.030100334448161,4,87.84497655489645,78,294.58334498635884,2.034606202484644,1.1541076509889687,1.1336548322773716,1.5201487289342557,1.254602953361797,11.0,8.0,14.0,4.0,8.0
0.40625,36,36,610.0,42,35,50.0,1212.4765567495567,8.048846261554283,0.4376163873370577,0.6546990496304118,0.43002817657319203,0.31901563753007217,3.9172240802675584,4,86.48608858141198,78,294.269403098484,2.043832678980091,1.1573443366314518,1.1333577465454177,1.534110351332161,1.256415298382106,11.0,8.0,14.0,4.0,8.0
0.7777777777777778,36,36,610.0,42,35,50.0,1206.269147007508,5.8834127334312,0.31036623215394166,0.37486800422386485,0.23279216422916948,0.26663993584603046,5.526755852842809,3,87.10529835442048,78,294.2422126909774,2.049017935229485,1.15331991422808,1.1349961481122222,1.5263895625995156,1.257430335229929,11.0,8.0,14.0,4.0,8.0
0.34375,36,36,610.0,42,35,50.0,1206.064085810992,6.1296800225880625,0.3258845437616387,0.4025871172122492,0.25761438346974375,0.2744085805934242,5.5058528428093645,3,86.06544962755446,78,294.75255869270893,2.017001035783829,1.1593826781474075,1.1363847328887988,1.5381632316229568,1.2521735560976754,11.0,8.0,14.0,4.0,8.0
0.052083333333333336,36,36,610.0,42,35,50.0,1190.5174989595066,8.093113309621005,0.4376163873370577,0.6309398099260823,0.42801556420233466,0.3282878909382518,3.8294314381270897,3,86.26270208331165,78,294.9511865000421,2.0259674418939335,1.1593297661689745,1.1342427589271384,1.5615984010034551,1.2412614424769277,11.0,8.0,14.0,4.0,8.0
0.4756944444444444,36,36,610.0,42,35,50.0,1215.0207162755048,7.98361008095361,0.47796399751707014,0.646779303062302,0.4179525023480478,0.3195168404170008,3.8712374581939804,4,86.72831564975576,78,292.65319922662616,2.0499640114212294,1.157064979915613,1.1358594780664357,1.5333808694819737,1.2620468212497489,11.0,8.0,14.0,4.0,8.0
0.8923611111111112,36,36,610.0,42,35,50.0,1198.6685820532991,6.157911530715747,0.3258845437616387,0.39466737064413937,0.2542600295183148,0.2756615878107458,5.4515050167224075,3,85.85113819073307,78,294.53408251253023,2.0192815729977287,1.1588034006519332,1.1356869785528536,1.5701413783121785,1.2582167877806065,11.0,8.0,14.0,4.0,8.0
0.7569444444444444,36,36,610.0,42,35,50.0,1199.4501677023368,8.126327923747306,0.45003103662321536,0.6441393875395988,0.40453508654233195,0.33430232558139533,3.8754180602006687,3,86.1149023299922,78,294.9474654199798,2.043005334505794,1.15163011739212,1.1337016500565662,1.5433964704696577,1.2549257869154529,11.0,8.0,14.0,4.0,8.0
0.2916666666666667,36,36,610.0,42,35,50.0,1201.6074279676354,6.1363108412250105,0.3445065176908752,0.38278775079197463,0.2542600295183148,0.27516038492381717,5.438963210702341,3,86.08264503837884,78,294.7503839576177,2.005559338495774,1.1629845729438844,1.135650544627119,1.534627509607216,1.2474755868291552,11.0,8.0,14.0,4.0,8.0
0.7638888888888888,36,36,610.0,42,35,50.0,1196.991584463507,7.952340134982748,0.41899441340782123,0.6428194297782471,0.417281631557762,0.31876503608660783,3.862876254180602,4,85.91783288573001,78,294.01913926513896,2.0353507224100094,1.1609535215795659,1.1346641690746215,1.5344403520489076,1.2554915572080887,11.0,8.0,14.0,4.0,8.0
0.0798611111111111,36,36,610.0,42,35,50.0,1197.9258389446518,5.892477547472314,0.31036623215394166,0.3761879619852165,0.22675432711659732,0.263883319967923,5.60200668896321,3,86.71821491574514,78,294.75951414799493,2.0749804090802786,1.1554600039526308,1.1336801719957266,1.5561731981003044,1.261214972509494,11.0,8.0,14.0,4.0,8.0
0.6111111111111112,36,36,610.0,42,35,50.0,1222.2652172365076,8.272764087432288,0.4376163873370577,0.6612988384371701,0.4327116597343352,0.3332999198075381,3.99247491638796,4,86.5629176364198,78,294.08333285359646,2.046063425486013,1.1565812511653386,1.1340070743773913,1.5348406616888668,1.2525176020385156,11.0,8.0,14.0,4.0,8.0
0.1284722222222222,36,36,610.0,42,35,50.0,1204.1498375455076,6.071927915716872,0.3382991930477964,0.38278775079197463,0.23346303501945526,0.27816760224538895,5.459866220735786,3,86.2829300466651,78,293.3488157881657,2.0566332677816,1.1525551171948045,1.1353082728258268,1.551527974144459,1.2655840512300154,11.0,8.0,14.0,4.0,8.0
0.875,36,36,610.0,42,35,50.0,1193.6539535735078,8.021308837723097,0.4345127250155183,0.6560190073917634,0.4065476989131893,0.32778668805132316,3.8252508361204014,3,85.62531193908795,78,294.357787183502,2.0258615804425033,1.156743925173955,1.1349306383480628,1.5352838374341595,1.2484858018028748,11.0,8.0,14.0,4.0,8.0
0.5486111111111112,36,36,610.0,42,35,50.0,1157.6275890661161,7.942757669234803,0.4158907510862818,0.6203801478352693,0.40587682812290354,0.3267842822774659,3.867056856187291,3,85.40849884527051,78,295.16336368168,2.048206466321846,1.157911286772521,1.136941241797384,1.5427791185832724,1.2437605262914053,11.0,8.0,14.0,4.0,8.0
0.6527777777777778,36,36,610.0,42,35,50.0,1174.0293435667793,7.9402325347538865,0.4158907510862818,0.6480992608236537,0.40319334496176035,0.32427826784282276,3.8168896321070234,3,85.45752672577758,78,294.8280560577036,2.0064183201839434,1.1608515876149625,1.1366951692959613,1.5393601679763074,1.2505462793371271,11.0,8.0,14.0,4.0,8.0
0.2361111111111111,36,36,610.0,42,35,50.0,1221.8041943775054,7.83403280296503,0.45623836126629425,0.6309398099260823,0.4132564068160472,0.31174819566960704,3.9381270903010033,4,87.08081658047297,78,294.76647569692943,2.0366058377880867,1.1574763897165865,1.1337556877437724,1.5363925221223136,1.2567411034683462,11.0,8.0,14.0,4.0,8.0
0.6284722222222222,36,36,610.0,42,35,50.0,1198.1474052925068,8.047113485036366,0.4345127250155183,0.6507391763463569,0.41661076076747616,0.32352646351242986,3.91304347826087,4,86.15447712843446,78,294.22545234253414,2.0338440342997206,1.1571437712656738,1.1346019888033338,1.5211216193186419,1.2584489721070515,11.0,8.0,14.0,4.0,8.0
0.027777777777777776,36,36,610.0,42,35,50.0,1200.1587176538033,5.997905449485154,0.32898820608317814,0.39994720168954595,0.2441969676640279,0.27014835605453086,5.5225752508361206,3,86.508357086414,78,295.1331520500244,2.056709276237224,1.154665067969274,1.134374997937967,1.5528467300446396,1.2579041463068774,11.0,8.0,14.0,4.0,8.0
0.6770833333333333,36,36,610.0,42,35,50.0,1197.8212418425087,8.176315722847177,0.45934202358783366,0.6626187961985217,0.4125855360257614,0.3320469125902165,3.99247491638796,3,86.51048871567082,78,295.60307129770695,2.0662222231092877,1.1573734704059246,1.1347842513378965,1.5660858010529428,1.2645792290246347,11.0,8.0,14.0,4.0,8.0
0.05555555555555555,36,36,610.0,42,35,50.0,1177.9805717221996,7.881897318104036,0.42830540037243947,0.6401795142555438,0.4078894404937609,0.3177626303127506,3.8461538461538463,3,85.76625132790771,78,294.0945328707932,2.045717411161895,1.1572049374666091,1.1364797574770291,1.5431458701629372,1.2489926480010614,11.0,8.0,14.0,4.0,8.0
0.5659722222222222,36,36,610.0,42,35,50.0,1197.6387421059783,6.010671635450968,0.33209186840471755,0.3761879619852165,0.2522474171474574,0.26939655172413796,5.359531772575251,3,85.46771138499746,78,294.51649521454686,2.0044181500945317,1.1579254065589233,1.136428901888756,1.54007716789745,1.2519234978259157,11.0,8.0,14.0,4.0,8.0
0.3541666666666667,36,36,610.0,42,35,50.0,1212.0564824365076,7.9794713096554695,0.44692737430167595,0.6678986272439281,0.42130685629947673,0.31500601443464316,3.9381270903010033,3,86.86445861629684,78,294.34181256622963,2.0560979621775104,1.156094371273992,1.1339837828972334,1.5353137979071674,1.2585028332515114,11.0,8.0,14.0,4.0,8.0
0.9340277777777778,36,36,610.0,42,35,50.0,1206.8184710965056,7.938464186709263,0.4345127250155183,0.6546990496304118,0.4078894404937609,0.3160084202085004,3.971571906354515,4,86.49301909355056,78,293.88194246106343,2.038396905071032,1.157533611324883,1.134931041349516,1.5089220748933465,1.248714966785098,11.0,8.0,14.0,4.0,8.0
0.04861111111111111,36,36,610.0,42,35,50.0,1210.8620139695067,8.065661008697454,0.42830540037243947,0.6612988384371701,0.43807862605662146,0.3192662389735365,3.900501672240803,4,87.00925428690907,78,294.52973112131576,2.018333608223931,1.1571779040601973,1.1333958592577362,1.5468484320710445,1.2528647761064802,11.0,8.0,14.0,4.0,8.0
0.9166666666666666,36,36,610.0,42,35,50.0,1205.8722825575094,8.039768642092367,0.40347610180012417,0.6388595564941921,0.42130685629947673,0.32728548516439454,4.009197324414716,4,87.07451973589637,78,294.9942875474164,2.019872626093102,1.155904439537416,1.1345872965035584,1.524659565078088,1.2553975976962362,11.0,8.0,14.0,4.0,8.0
0.8229166666666666,36,36,610.0,42,35,50.0,1208.6735985894666,8.206623093079916,0.42209807572936064,0.6414994720168954,0.4179525023480478,0.3405673616680032,3.91304347826087,3,86.09625164665097,78,293.29081105771075,2.040816560325501,1.1570727418452003,1.1361520393480973,1.5424177785618456,1.24809284634537,11.0,8.0,14.0,4.0,8.0
0.5138888888888888,36,36,610.0,42,35,50.0,1193.5123112858623,6.08812983532275,0.32898820608317814,0.395987328405491,0.2556017710988864,0.26964715316760224,5.438963210702341,3,85.86365714676381,78,293.5575954405252,2.0205810124959305,1.1559419533401174,1.136041714438592,1.5366279463155401,1.2481528674241158,11.0,8.0,14.0,4.0,8.0
0.7534722222222222,36,36,610.0,42,35,50.0,1202.1859903294078,8.139157501145778,0.4686530105524519,0.6507391763463569,0.43338253052462095,0.32553127506014434,3.8461538461538463,3,85.82746362088385,78,295.6783612485727,2.023493742718731,1.1561046515881526,1.1355228128439374,1.5367399865910678,1.2474493316215014,11.0,8.0,14.0,4.0,8.0
0.5520833333333333,36,36,610.0,42,35,50.0,1182.9803198755055,7.959618147690942,0.4127870887647424,0.6520591341077085,0.4038642157520461,0.3240276663993585,3.908862876254181,3,85.89375021176943,78,294.15273234551915,2.0250386981207025,1.156209984326667,1.1349962799529631,1.5247512792082047,1.2526456796147283,11.0,8.0,14.0,4.0,8.0
0.9826388888888888,36,36,610.0,42,35,50.0,1196.3171848456168,8.096614193339953,0.46244568590937307,0.6428194297782471,0.4152690191869046,0.33004210104250203,3.967391304347826,3,86.90619781642933,78,295.2253321135538,2.0380089500132272,1.1577957289602758,1.1349176068877682,1.523801174371274,1.2500220957310297,11.0,8.0,14.0,4.0,8.0
0.5868055555555556,36,36,610.0,42,35,50.0,1178.500187800557,7.930262407151277,0.4314090626939789,0.6388595564941921,0.4078894404937609,0.31851443464314355,3.9381270903010033,3,85.70584098382739,78,293.6081524732671,2.066867010700003,1.1596054639698758,1.1349771791412933,1.556618382300678,1.2604074753303964,11.0,8.0,14.0,4.0,8.0
0.6805555555555556,36,36,610.0,42,35,50.0,1202.537075630506,7.994397579514543,0.46244568590937307,0.6533790918690602,0.4092311820743325,0.32001804330392947,3.9046822742474916,4,86.49288369243969,78,293.688057942981,2.051353229744838,1.1553830143344936,1.1336869586626184,1.5213942912694325,1.255537396302021,11.0,8.0,14.0,4.0,8.0
0.5590277777777778,36,36,610.0,42,35,50.0,1221.8711935005083,8.050279198669422,0.42209807572936064,0.6230200633579726,0.4306990473634778,0.3250300721732157,4.0342809364548495,4,87.57696777009082,78,294.81287333306994,2.023803736206432,1.1564948046173986,1.133447055765778,1.5292047594344733,1.2489984594772259,11.0,8.0,14.0,4.0,8.0
0.3125,36,36,610.0,42,35,50.0,1187.1725369458368,8.08249023747416,0.45623836126629425,0.636219640971489,0.4179525023480478,0.3295408981555734,3.812709030100334,3,85.23191178036677,78,294.75188242760794,2.0805324616101464,1.1586769923207718,1.1359511487880392,1.5568099179138237,1.2528044236322642,11.5,8.0,14.0,4.0,8.0
0.4895833333333333,36,36,610.0,42,35,50.0,1199.8159073265076,8.040046332428624,0.4407200496585971,0.6494192185850053,0.4186233731383336,0.32653368083400164,3.91304347826087,3,86.57609715452917,78,295.32407232085285,2.044459258181044,1.1566368353545202,1.1354275567522238,1.545310690983409,1.252441851850901,11.0,8.0,14.0,4.0,8.0
0.9409722222222222,36,36,610.0,42,35,50.0,1207.355048497476,8.127300612299972,0.46244568590937307,0.665258711721225,0.4306990473634778,0.32427826784282276,3.804347826086957,3,85.73748962635784,78,295.51693568451526,2.022070402009037,1.1571988020855604,1.1351972171341194,1.5296878350769334,1.2525580900506443,11.0,8.0,14.0,4.0,8.0
0.1840277777777778,36,36,610.0,42,35,50.0,1225.3343571875087,8.016656137218899,0.44692737430167595,0.6533790918690602,0.42734469341204884,0.3192662389735365,3.9799331103678925,4,87.60342721235635,78,295.4244680311568,2.0348384607891257,1.154996377582708,1.1331756131838029,1.5416112098469117,1.2582832419977996,11.0,8.0,14.0,4.0,8.0
0.11458333333333333,36,36,610.0,42,35,50.0,1194.2467073835091,7.832676536617286,0.42209807572936064,0.6771383315733897,0.41661076076747616,0.30598436246992783,3.8419732441471575,3,86.00738280410268,78,293.3326008678474,2.0318030708853616,1.1588813220857508,1.1356141973028606,1.5148931830054098,1.2498693451073457,11.0,8.0,14.0,4.0,8.0
0.9548611111111112,36,36,610.0,42,35,50.0,1188.1801129775063,5.957391039871665,0.31346989447548107,0.36694825765575506,0.24017174292231316,0.2673917401764234,5.5225752508361206,3,86.3377458489544,78,294.37130293629735,2.0422483262386577,1.162886216036538,1.1356244865394864,1.5272363666175592,1.2472570273766803,11.0,8.0,14.0,4.0,8.0
0.09722222222222222,36,36,610.0,42,35,50.0,1210.0796893075064,7.965411190105723,0.4127870887647424,0.6375395987328405,0.42667382262176307,0.3195168404170008,3.9548494983277593,3,87.25459279959242,78,293.87326502975094,2.0389358421989727,1.1549620671927634,1.1362144208263947,1.5390840069796696,1.2555137802638934,11.0,8.0,14.0,4.0,8.0
0.2222222222222222,36,36,610.0,42,35,50.0,1163.5801348885077,7.8793544689371,0.4376163873370577,0.6164202745512144,0.42600295183147724,0.3140036086607859,3.7918060200668893,3,84.95164376950807,78,294.9335849369552,2.040774394477328,1.158566418649562,1.1355932279584242,1.555900611610443,1.2465778474137998,11.0,8.0,14.0,4.0,8.0
0.7152777777777778,36,36,610.0,42,35,50.0,1180.442010674507,7.911550983587656,0.4376163873370577,0.6151003167898628,0.4306990473634778,0.3135024057738573,3.8377926421404682,4,85.48563356396328,78,293.6755172405646,2.0429027919649645,1.160297702374551,1.1355519372326692,1.5420035212573011,1.2545637236607423,11.0,8.0,14.0,4.0,8.0
